Fold,Model,Category,Synthetic Top-1 Acc (%),Synthetic Macro-F1,Granular Top-1 Acc (%),Granular Top-3 Acc (%),Granular Macro-F1,Epochs,Form,Draw,Alpha,CorrSA
1,Majority Class (reference),0: Reference,49.979863068868305,0.3332438238453276,,,,,linear,0,0.0,0.1911059611354853
1,Logistic Regression,A: Traditional ML,85.21949254933548,0.8521925280798366,,,,,linear,0,0.0,0.1911059611354853
1,Static MLP Only,B: Single-Branch Deep,63.18968989126057,0.630772860089937,,,,7.0,linear,0,0.0,0.1911059611354853
1,Standalone LSTM,B: Single-Branch Deep,85.1389448248087,0.8513879055508924,,,,6.0,linear,0,0.0,0.1911059611354853
1,Proposed: MLP + Causal TCN + LSTM,D: Proposed,85.34031413612566,0.8533831415237828,,,,2.0,linear,0,0.0,0.1911059611354853
2,Majority Class (reference),0: Reference,50.0,0.3333333333333333,,,,,linear,0,0.0,0.1911059611354853
2,Logistic Regression,A: Traditional ML,85.81788879935536,0.8581420437090541,,,,,linear,0,0.0,0.1911059611354853
2,Static MLP Only,B: Single-Branch Deep,65.39081385979048,0.6492178701553402,,,,3.0,linear,0,0.0,0.1911059611354853
2,Standalone LSTM,B: Single-Branch Deep,85.81788879935536,0.8578895145890061,,,,4.0,linear,0,0.0,0.1911059611354853
2,Proposed: MLP + Causal TCN + LSTM,D: Proposed,85.4149879129734,0.8541422077922078,,,,7.0,linear,0,0.0,0.1911059611354853
3,Majority Class (reference),0: Reference,50.0,0.3333333333333333,,,,,linear,0,0.0,0.1911059611354853
3,Logistic Regression,A: Traditional ML,85.69701853344077,0.8569696048844382,,,,,linear,0,0.0,0.1911059611354853
3,Static MLP Only,B: Single-Branch Deep,63.65834004834811,0.6341116457918894,,,,2.0,linear,0,0.0,0.1911059611354853
3,Standalone LSTM,B: Single-Branch Deep,85.77759871071716,0.8577676521758328,,,,8.0,linear,0,0.0,0.1911059611354853
3,Proposed: MLP + Causal TCN + LSTM,D: Proposed,85.5761482675262,0.8557554884134395,,,,3.0,linear,0,0.0,0.1911059611354853
4,Majority Class (reference),0: Reference,50.0,0.3333333333333333,,,,,linear,0,0.0,0.1911059611354853
4,Logistic Regression,A: Traditional ML,83.68251410153103,0.8368174856149356,,,,,linear,0,0.0,0.1911059611354853
4,Static MLP Only,B: Single-Branch Deep,63.57775987107171,0.6334448597642262,,,,2.0,linear,0,0.0,0.1911059611354853
4,Standalone LSTM,B: Single-Branch Deep,84.16599516518937,0.8416352470214858,,,,5.0,linear,0,0.0,0.1911059611354853
4,Proposed: MLP + Causal TCN + LSTM,D: Proposed,83.31990330378727,0.8331951339084247,,,,2.0,linear,0,0.0,0.1911059611354853
5,Majority Class (reference),0: Reference,50.0,0.3333333333333333,,,,,linear,0,0.0,0.1911059611354853
5,Logistic Regression,A: Traditional ML,86.22078968573732,0.8622056600539201,,,,,linear,0,0.0,0.1911059611354853
5,Static MLP Only,B: Single-Branch Deep,63.57775987107171,0.6342193124315301,,,,5.0,linear,0,0.0,0.1911059611354853
5,Standalone LSTM,B: Single-Branch Deep,85.77759871071716,0.857775779322973,,,,8.0,linear,0,0.0,0.1911059611354853
5,Proposed: MLP + Causal TCN + LSTM,D: Proposed,85.4149879129734,0.8541452385404978,,,,2.0,linear,0,0.0,0.1911059611354853
1,Majority Class (reference),0: Reference,49.979863068868305,0.3332438238453276,,,,,linear,0,0.2,0.1911059611354853
1,Logistic Regression,A: Traditional ML,85.74305275875956,0.8574053405145843,,,,,linear,0,0.2,0.1911059611354853
1,Static MLP Only,B: Single-Branch Deep,71.88884414015304,0.7188500900648362,,,,4.0,linear,0,0.2,0.1911059611354853
1,Standalone LSTM,B: Single-Branch Deep,80.82964156262585,0.8082769798970391,,,,5.0,linear,0,0.2,0.1911059611354853
1,Proposed: MLP + Causal TCN + LSTM,D: Proposed,84.53483689085783,0.8453272701789357,,,,2.0,linear,0,0.2,0.1911059611354853
2,Majority Class (reference),0: Reference,50.0,0.3333333333333333,,,,,linear,0,0.2,0.1911059611354853
2,Logistic Regression,A: Traditional ML,87.42949234488316,0.8742789234260999,,,,,linear,0,0.2,0.1911059611354853
2,Static MLP Only,B: Single-Branch Deep,71.7969379532635,0.7175642706285048,,,,4.0,linear,0,0.2,0.1911059611354853
2,Standalone LSTM,B: Single-Branch Deep,81.4665592264303,0.8144823731281198,,,,2.0,linear,0,0.2,0.1911059611354853
2,Proposed: MLP + Causal TCN + LSTM,D: Proposed,86.90572119258663,0.8690495381222257,,,,7.0,linear,0,0.2,0.1911059611354853
3,Majority Class (reference),0: Reference,50.0,0.3333333333333333,,,,,linear,0,0.2,0.1911059611354853
3,Logistic Regression,A: Traditional ML,87.0668815471394,0.8706652673512274,,,,,linear,0,0.2,0.1911059611354853
3,Static MLP Only,B: Single-Branch Deep,71.59548751007252,0.7157717513041402,,,,1.0,linear,0,0.2,0.1911059611354853
3,Standalone LSTM,B: Single-Branch Deep,81.5471394037067,0.815468398551741,,,,4.0,linear,0,0.2,0.1911059611354853
3,Proposed: MLP + Causal TCN + LSTM,D: Proposed,86.22078968573732,0.8621903583709173,,,,5.0,linear,0,0.2,0.1911059611354853
4,Majority Class (reference),0: Reference,50.0,0.3333333333333333,,,,,linear,0,0.2,0.1911059611354853
4,Logistic Regression,A: Traditional ML,85.73730862207897,0.8573722527258466,,,,,linear,0,0.2,0.1911059611354853
4,Static MLP Only,B: Single-Branch Deep,70.30620467365029,0.7028049575994781,,,,9.0,linear,0,0.2,0.1911059611354853
4,Standalone LSTM,B: Single-Branch Deep,82.71555197421434,0.8270766697279666,,,,6.0,linear,0,0.2,0.1911059611354853
4,Proposed: MLP + Causal TCN + LSTM,D: Proposed,84.6494762288477,0.8464247346535088,,,,6.0,linear,0,0.2,0.1911059611354853
5,Majority Class (reference),0: Reference,50.0,0.3333333333333333,,,,,linear,0,0.2,0.1911059611354853
5,Logistic Regression,A: Traditional ML,87.0668815471394,0.8706682906138159,,,,,linear,0,0.2,0.1911059611354853
5,Static MLP Only,B: Single-Branch Deep,72.19983883964545,0.7218134221149703,,,,4.0,linear,0,0.2,0.1911059611354853
5,Standalone LSTM,B: Single-Branch Deep,83.1587429492345,0.8315873201392135,,,,5.0,linear,0,0.2,0.1911059611354853
5,Proposed: MLP + Causal TCN + LSTM,D: Proposed,87.02659145850122,0.8702617867680671,,,,6.0,linear,0,0.2,0.1911059611354853
1,Majority Class (reference),0: Reference,49.979863068868305,0.3332438238453276,,,,,linear,0,0.4,0.1911059611354853
1,Logistic Regression,A: Traditional ML,86.70962545308095,0.8670945084091243,,,,,linear,0,0.4,0.1911059611354853
1,Static MLP Only,B: Single-Branch Deep,76.88280306081353,0.7685171109084152,,,,2.0,linear,0,0.4,0.1911059611354853
1,Standalone LSTM,B: Single-Branch Deep,76.72170761175997,0.7672106950067477,,,,5.0,linear,0,0.4,0.1911059611354853
1,Proposed: MLP + Causal TCN + LSTM,D: Proposed,86.26661296818365,0.8626660405804436,,,,5.0,linear,0,0.4,0.1911059611354853
2,Majority Class (reference),0: Reference,50.0,0.3333333333333333,,,,,linear,0,0.4,0.1911059611354853
2,Logistic Regression,A: Traditional ML,88.11442385173247,0.8811357293636908,,,,,linear,0,0.4,0.1911059611354853
2,Static MLP Only,B: Single-Branch Deep,74.89927477840452,0.7487754254877543,,,,7.0,linear,0,0.4,0.1911059611354853
2,Standalone LSTM,B: Single-Branch Deep,78.76712328767124,0.7876381047845369,,,,5.0,linear,0,0.4,0.1911059611354853
2,Proposed: MLP + Causal TCN + LSTM,D: Proposed,86.70427074939565,0.8670413261777912,,,,7.0,linear,0,0.4,0.1911059611354853
3,Majority Class (reference),0: Reference,50.0,0.3333333333333333,,,,,linear,0,0.4,0.1911059611354853
3,Logistic Regression,A: Traditional ML,86.34165995165189,0.8634139167167056,,,,,linear,0,0.4,0.1911059611354853
3,Static MLP Only,B: Single-Branch Deep,74.29492344883158,0.7423060374147998,,,,2.0,linear,0,0.4,0.1911059611354853
3,Standalone LSTM,B: Single-Branch Deep,78.04190169218373,0.7803930290871397,,,,6.0,linear,0,0.4,0.1911059611354853
3,Proposed: MLP + Causal TCN + LSTM,D: Proposed,85.77759871071716,0.8577658049673995,,,,5.0,linear,0,0.4,0.1911059611354853
4,Majority Class (reference),0: Reference,50.0,0.3333333333333333,,,,,linear,0,0.4,0.1911059611354853
4,Logistic Regression,A: Traditional ML,86.62369057211926,0.8662361240253702,,,,,linear,0,0.4,0.1911059611354853
4,Static MLP Only,B: Single-Branch Deep,75.70507655116842,0.7570128599337302,,,,3.0,linear,0,0.4,0.1911059611354853
4,Standalone LSTM,B: Single-Branch Deep,78.12248186946012,0.7810925927820911,,,,6.0,linear,0,0.4,0.1911059611354853
4,Proposed: MLP + Causal TCN + LSTM,D: Proposed,85.29411764705883,0.85291823196652,,,,3.0,linear,0,0.4,0.1911059611354853
5,Majority Class (reference),0: Reference,50.0,0.3333333333333333,,,,,linear,0,0.4,0.1911059611354853
5,Logistic Regression,A: Traditional ML,85.01208702659146,0.8501017933157347,,,,,linear,0,0.4,0.1911059611354853
5,Static MLP Only,B: Single-Branch Deep,74.37550362610797,0.7432507338704641,,,,2.0,linear,0,0.4,0.1911059611354853
5,Standalone LSTM,B: Single-Branch Deep,76.34971796937954,0.7634602799023211,,,,2.0,linear,0,0.4,0.1911059611354853
5,Proposed: MLP + Causal TCN + LSTM,D: Proposed,83.64222401289283,0.8362434997399896,,,,4.0,linear,0,0.4,0.1911059611354853
1,Majority Class (reference),0: Reference,49.979863068868305,0.3332438238453276,,,,,linear,0,0.5,0.1911059611354853
1,Logistic Regression,A: Traditional ML,88.36085380587998,0.8836078584285186,,,,,linear,0,0.5,0.1911059611354853
1,Static MLP Only,B: Single-Branch Deep,77.4063632702376,0.7738047586052688,,,,2.0,linear,0,0.5,0.1911059611354853
1,Standalone LSTM,B: Single-Branch Deep,76.03705195328232,0.7601215089279901,,,,4.0,linear,0,0.5,0.1911059611354853
1,Proposed: MLP + Causal TCN + LSTM,D: Proposed,87.15263793797826,0.8715143754461887,,,,3.0,linear,0,0.5,0.1911059611354853
2,Majority Class (reference),0: Reference,50.0,0.3333333333333333,,,,,linear,0,0.5,0.1911059611354853
2,Logistic Regression,A: Traditional ML,87.0668815471394,0.8706682906138159,,,,,linear,0,0.5,0.1911059611354853
2,Static MLP Only,B: Single-Branch Deep,77.75987107171636,0.7775155001120491,,,,1.0,linear,0,0.5,0.1911059611354853
2,Standalone LSTM,B: Single-Branch Deep,76.5108783239323,0.7651069148698719,,,,12.0,linear,0,0.5,0.1911059611354853
2,Proposed: MLP + Causal TCN + LSTM,D: Proposed,85.93875906526995,0.8593824547300295,,,,6.0,linear,0,0.5,0.1911059611354853
3,Majority Class (reference),0: Reference,50.0,0.3333333333333333,,,,,linear,0,0.5,0.1911059611354853
3,Logistic Regression,A: Traditional ML,85.69701853344077,0.856961803179662,,,,,linear,0,0.5,0.1911059611354853
3,Static MLP Only,B: Single-Branch Deep,76.26913779210315,0.7623283690312742,,,,11.0,linear,0,0.5,0.1911059611354853
3,Standalone LSTM,B: Single-Branch Deep,74.49637389202256,0.7449130140626088,,,,5.0,linear,0,0.5,0.1911059611354853
3,Proposed: MLP + Causal TCN + LSTM,D: Proposed,84.52860596293313,0.845279630030058,,,,4.0,linear,0,0.5,0.1911059611354853
4,Majority Class (reference),0: Reference,50.0,0.3333333333333333,,,,,linear,0,0.5,0.1911059611354853
4,Logistic Regression,A: Traditional ML,85.73730862207897,0.8573638246186155,,,,,linear,0,0.5,0.1911059611354853
4,Static MLP Only,B: Single-Branch Deep,76.06768734891217,0.7605369349023929,,,,4.0,linear,0,0.5,0.1911059611354853
4,Standalone LSTM,B: Single-Branch Deep,75.66478646253022,0.7566477066126436,,,,8.0,linear,0,0.5,0.1911059611354853
4,Proposed: MLP + Causal TCN + LSTM,D: Proposed,85.29411764705883,0.8529411525986543,,,,2.0,linear,0,0.5,0.1911059611354853
5,Majority Class (reference),0: Reference,50.0,0.3333333333333333,,,,,linear,0,0.5,0.1911059611354853
5,Logistic Regression,A: Traditional ML,87.55036261079773,0.8755034442232257,,,,,linear,0,0.5,0.1911059611354853
5,Static MLP Only,B: Single-Branch Deep,78.04190169218373,0.7800548054079568,,,,3.0,linear,0,0.5,0.1911059611354853
5,Standalone LSTM,B: Single-Branch Deep,76.47058823529412,0.7647034378419093,,,,12.0,linear,0,0.5,0.1911059611354853
5,Proposed: MLP + Causal TCN + LSTM,D: Proposed,86.42224012892828,0.8642107407795228,,,,4.0,linear,0,0.5,0.1911059611354853
1,Majority Class (reference),0: Reference,49.979863068868305,0.3332438238453276,,,,,linear,0,0.6,0.1911059611354853
1,Logistic Regression,A: Traditional ML,86.42770841723721,0.864268277985216,,,,,linear,0,0.6,0.1911059611354853
1,Static MLP Only,B: Single-Branch Deep,78.17156665324204,0.781368105989322,,,,2.0,linear,0,0.6,0.1911059611354853
1,Standalone LSTM,B: Single-Branch Deep,74.02335884011276,0.7401661569881284,,,,2.0,linear,0,0.6,0.1911059611354853
1,Proposed: MLP + Causal TCN + LSTM,D: Proposed,86.0249697946033,0.8601785771953407,,,,7.0,linear,0,0.6,0.1911059611354853
2,Majority Class (reference),0: Reference,50.0,0.3333333333333333,,,,,linear,0,0.6,0.1911059611354853
2,Logistic Regression,A: Traditional ML,86.3013698630137,0.8630133428393516,,,,,linear,0,0.6,0.1911059611354853
2,Static MLP Only,B: Single-Branch Deep,78.48509266720387,0.7848105458399577,,,,2.0,linear,0,0.6,0.1911059611354853
2,Standalone LSTM,B: Single-Branch Deep,72.92506043513296,0.7289401339255823,,,,5.0,linear,0,0.6,0.1911059611354853
2,Proposed: MLP + Causal TCN + LSTM,D: Proposed,85.25382755842062,0.8525072462732756,,,,4.0,linear,0,0.6,0.1911059611354853
3,Majority Class (reference),0: Reference,50.0,0.3333333333333333,,,,,linear,0,0.6,0.1911059611354853
3,Logistic Regression,A: Traditional ML,86.14020950846091,0.8614017351080498,,,,,linear,0,0.6,0.1911059611354853
3,Static MLP Only,B: Single-Branch Deep,78.40451248992748,0.7840311016824233,,,,5.0,linear,0,0.6,0.1911059611354853
3,Standalone LSTM,B: Single-Branch Deep,74.77840451248993,0.7477833900512767,,,,14.0,linear,0,0.6,0.1911059611354853
3,Proposed: MLP + Causal TCN + LSTM,D: Proposed,85.17324738114424,0.8517320887202393,,,,2.0,linear,0,0.6,0.1911059611354853
4,Majority Class (reference),0: Reference,50.0,0.3333333333333333,,,,,linear,0,0.6,0.1911059611354853
4,Logistic Regression,A: Traditional ML,85.05237711522965,0.850520835108843,,,,,linear,0,0.6,0.1911059611354853
4,Static MLP Only,B: Single-Branch Deep,77.23609991941981,0.7722142404068641,,,,4.0,linear,0,0.6,0.1911059611354853
4,Standalone LSTM,B: Single-Branch Deep,73.52941176470588,0.7352473156163062,,,,3.0,linear,0,0.6,0.1911059611354853
4,Proposed: MLP + Causal TCN + LSTM,D: Proposed,84.12570507655117,0.8412071470651086,,,,7.0,linear,0,0.6,0.1911059611354853
5,Majority Class (reference),0: Reference,50.0,0.3333333333333333,,,,,linear,0,0.6,0.1911059611354853
5,Logistic Regression,A: Traditional ML,85.89846897663175,0.8589802030087687,,,,,linear,0,0.6,0.1911059611354853
5,Static MLP Only,B: Single-Branch Deep,78.84770346494763,0.7880682963150183,,,,6.0,linear,0,0.6,0.1911059611354853
5,Standalone LSTM,B: Single-Branch Deep,72.522159548751,0.7252101762513011,,,,11.0,linear,0,0.6,0.1911059611354853
5,Proposed: MLP + Causal TCN + LSTM,D: Proposed,85.65672844480258,0.8565463264097422,,,,2.0,linear,0,0.6,0.1911059611354853
1,Majority Class (reference),0: Reference,49.979863068868305,0.3332438238453276,,,,,linear,0,0.8,0.1911059611354853
1,Logistic Regression,A: Traditional ML,85.09867096254531,0.8509855252999072,,,,,linear,0,0.8,0.1911059611354853
1,Static MLP Only,B: Single-Branch Deep,81.47402335884011,0.8147399631484702,,,,4.0,linear,0,0.8,0.1911059611354853
1,Standalone LSTM,B: Single-Branch Deep,67.45871929118003,0.674575316655269,,,,8.0,linear,0,0.8,0.1911059611354853
1,Proposed: MLP + Causal TCN + LSTM,D: Proposed,84.05155054369715,0.8404838106807457,,,,4.0,linear,0,0.8,0.1911059611354853
2,Majority Class (reference),0: Reference,50.0,0.3333333333333333,,,,,linear,0,0.8,0.1911059611354853
2,Logistic Regression,A: Traditional ML,85.81788879935536,0.8581714285714286,,,,,linear,0,0.8,0.1911059611354853
2,Static MLP Only,B: Single-Branch Deep,79.61321514907333,0.7957309297774446,,,,7.0,linear,0,0.8,0.1911059611354853
2,Standalone LSTM,B: Single-Branch Deep,68.21112006446414,0.6817888221527073,,,,7.0,linear,0,0.8,0.1911059611354853
2,Proposed: MLP + Causal TCN + LSTM,D: Proposed,84.52860596293313,0.8452232476926914,,,,5.0,linear,0,0.8,0.1911059611354853
3,Majority Class (reference),0: Reference,50.0,0.3333333333333333,,,,,linear,0,0.8,0.1911059611354853
3,Logistic Regression,A: Traditional ML,87.0668815471394,0.8706459487257752,,,,,linear,0,0.8,0.1911059611354853
3,Static MLP Only,B: Single-Branch Deep,80.78162771958098,0.8078137502043344,,,,5.0,linear,0,0.8,0.1911059611354853
3,Standalone LSTM,B: Single-Branch Deep,70.42707493956487,0.704120127564726,,,,12.0,linear,0,0.8,0.1911059611354853
3,Proposed: MLP + Causal TCN + LSTM,D: Proposed,86.54311039484287,0.8653961437466593,,,,7.0,linear,0,0.8,0.1911059611354853
4,Majority Class (reference),0: Reference,50.0,0.3333333333333333,,,,,linear,0,0.8,0.1911059611354853
4,Logistic Regression,A: Traditional ML,86.01933924254634,0.8601514173557577,,,,,linear,0,0.8,0.1911059611354853
4,Static MLP Only,B: Single-Branch Deep,81.34568896051572,0.8132274078847606,,,,5.0,linear,0,0.8,0.1911059611354853
4,Standalone LSTM,B: Single-Branch Deep,69.90330378726833,0.6989508890188958,,,,7.0,linear,0,0.8,0.1911059611354853
4,Proposed: MLP + Causal TCN + LSTM,D: Proposed,85.73730862207897,0.8573638246186155,,,,6.0,linear,0,0.8,0.1911059611354853
5,Majority Class (reference),0: Reference,50.0,0.3333333333333333,,,,,linear,0,0.8,0.1911059611354853
5,Logistic Regression,A: Traditional ML,85.09266720386785,0.850921928894984,,,,,linear,0,0.8,0.1911059611354853
5,Static MLP Only,B: Single-Branch Deep,80.29814665592264,0.8029223143716586,,,,3.0,linear,0,0.8,0.1911059611354853
5,Standalone LSTM,B: Single-Branch Deep,68.4528605962933,0.6844912693123493,,,,11.0,linear,0,0.8,0.1911059611354853
5,Proposed: MLP + Causal TCN + LSTM,D: Proposed,84.24657534246576,0.8423992115267283,,,,5.0,linear,0,0.8,0.1911059611354853
1,Majority Class (reference),0: Reference,49.979863068868305,0.3332438238453276,,,,,linear,0,1.0,0.1911059611354853
1,Logistic Regression,A: Traditional ML,84.05155054369715,0.840412768692423,,,,,linear,0,1.0,0.1911059611354853
1,Static MLP Only,B: Single-Branch Deep,83.56826419653645,0.8356077423375006,,,,3.0,linear,0,1.0,0.1911059611354853
1,Standalone LSTM,B: Single-Branch Deep,57.269432138542086,0.5723735992786493,,,,7.0,linear,0,1.0,0.1911059611354853
1,Proposed: MLP + Causal TCN + LSTM,D: Proposed,84.01127668143374,0.8399548318330045,,,,5.0,linear,0,1.0,0.1911059611354853
2,Majority Class (reference),0: Reference,50.0,0.3333333333333333,,,,,linear,0,1.0,0.1911059611354853
2,Logistic Regression,A: Traditional ML,84.73005640612409,0.8472874503128757,,,,,linear,0,1.0,0.1911059611354853
2,Static MLP Only,B: Single-Branch Deep,83.27961321514907,0.8326265667850108,,,,7.0,linear,0,1.0,0.1911059611354853
2,Standalone LSTM,B: Single-Branch Deep,57.49395648670427,0.5729123223417462,,,,3.0,linear,0,1.0,0.1911059611354853
2,Proposed: MLP + Causal TCN + LSTM,D: Proposed,84.20628525382756,0.8419510952623535,,,,5.0,linear,0,1.0,0.1911059611354853
3,Majority Class (reference),0: Reference,50.0,0.3333333333333333,,,,,linear,0,1.0,0.1911059611354853
3,Logistic Regression,A: Traditional ML,83.1587429492345,0.8315479437819864,,,,,linear,0,1.0,0.1911059611354853
3,Static MLP Only,B: Single-Branch Deep,82.55439161966156,0.8255438878773078,,,,7.0,linear,0,1.0,0.1911059611354853
3,Standalone LSTM,B: Single-Branch Deep,58.662369057211926,0.5865850356215871,,,,2.0,linear,0,1.0,0.1911059611354853
3,Proposed: MLP + Causal TCN + LSTM,D: Proposed,82.63497179693795,0.8263415711112031,,,,3.0,linear,0,1.0,0.1911059611354853
4,Majority Class (reference),0: Reference,50.0,0.3333333333333333,,,,,linear,0,1.0,0.1911059611354853
4,Logistic Regression,A: Traditional ML,84.81063658340048,0.8480204871230272,,,,,linear,0,1.0,0.1911059611354853
4,Static MLP Only,B: Single-Branch Deep,84.12570507655117,0.8411306840925987,,,,4.0,linear,0,1.0,0.1911059611354853
4,Standalone LSTM,B: Single-Branch Deep,57.45366639806607,0.5726709435571755,,,,5.0,linear,0,1.0,0.1911059611354853
4,Proposed: MLP + Causal TCN + LSTM,D: Proposed,84.36744560838034,0.8436735425356736,,,,6.0,linear,0,1.0,0.1911059611354853
5,Majority Class (reference),0: Reference,50.0,0.3333333333333333,,,,,linear,0,1.0,0.1911059611354853
5,Logistic Regression,A: Traditional ML,84.40773569701854,0.8440463450904101,,,,,linear,0,1.0,0.1911059611354853
5,Static MLP Only,B: Single-Branch Deep,83.44077356970186,0.8342796589036616,,,,3.0,linear,0,1.0,0.1911059611354853
5,Standalone LSTM,B: Single-Branch Deep,57.05076551168412,0.5703332865635653,,,,3.0,linear,0,1.0,0.1911059611354853
5,Proposed: MLP + Causal TCN + LSTM,D: Proposed,83.52135374697825,0.8350708652078516,,,,4.0,linear,0,1.0,0.1911059611354853
1,Majority Class (reference),0: Reference,49.979863068868305,0.3332438238453276,,,,,linear,1,0.0,-0.05499460584104583
1,Logistic Regression,A: Traditional ML,84.6959323399114,0.8468895639417897,,,,,linear,1,0.0,-0.05499460584104583
1,Static MLP Only,B: Single-Branch Deep,64.67982279500603,0.6452506380741669,,,,4.0,linear,1,0.0,-0.05499460584104583
1,Standalone LSTM,B: Single-Branch Deep,84.6959323399114,0.8466069963102703,,,,3.0,linear,1,0.0,-0.05499460584104583
1,Proposed: MLP + Causal TCN + LSTM,D: Proposed,84.49456302859444,0.8447037169705727,,,,3.0,linear,1,0.0,-0.05499460584104583
2,Majority Class (reference),0: Reference,50.0,0.3333333333333333,,,,,linear,1,0.0,-0.05499460584104583
2,Logistic Regression,A: Traditional ML,85.37469782433521,0.8537241594625937,,,,,linear,1,0.0,-0.05499460584104583
2,Static MLP Only,B: Single-Branch Deep,64.10153102336825,0.6372461068694777,,,,5.0,linear,1,0.0,-0.05499460584104583
2,Standalone LSTM,B: Single-Branch Deep,86.01933924254634,0.860188285935015,,,,11.0,linear,1,0.0,-0.05499460584104583
2,Proposed: MLP + Causal TCN + LSTM,D: Proposed,84.73005640612409,0.8471892115366965,,,,9.0,linear,1,0.0,-0.05499460584104583
3,Majority Class (reference),0: Reference,50.0,0.3333333333333333,,,,,linear,1,0.0,-0.05499460584104583
3,Logistic Regression,A: Traditional ML,84.04512489927478,0.8404176762956752,,,,,linear,1,0.0,-0.05499460584104583
3,Static MLP Only,B: Single-Branch Deep,65.06849315068493,0.6476327103995881,,,,1.0,linear,1,0.0,-0.05499460584104583
3,Standalone LSTM,B: Single-Branch Deep,84.40773569701854,0.8439950788320753,,,,6.0,linear,1,0.0,-0.05499460584104583
3,Proposed: MLP + Causal TCN + LSTM,D: Proposed,84.32715551974215,0.84305120150203,,,,6.0,linear,1,0.0,-0.05499460584104583
4,Majority Class (reference),0: Reference,50.0,0.3333333333333333,,,,,linear,1,0.0,-0.05499460584104583
4,Logistic Regression,A: Traditional ML,84.97179693795326,0.8496845649951981,,,,,linear,1,0.0,-0.05499460584104583
4,Static MLP Only,B: Single-Branch Deep,63.094278807413374,0.6289033093782583,,,,5.0,linear,1,0.0,-0.05499460584104583
4,Standalone LSTM,B: Single-Branch Deep,84.89121676067687,0.8488915384619131,,,,4.0,linear,1,0.0,-0.05499460584104583
4,Proposed: MLP + Causal TCN + LSTM,D: Proposed,84.77034649476228,0.8474847061393926,,,,2.0,linear,1,0.0,-0.05499460584104583
5,Majority Class (reference),0: Reference,50.0,0.3333333333333333,,,,,linear,1,0.0,-0.05499460584104583
5,Logistic Regression,A: Traditional ML,84.04512489927478,0.8404337390708041,,,,,linear,1,0.0,-0.05499460584104583
5,Static MLP Only,B: Single-Branch Deep,63.7389202256245,0.6333659624168106,,,,5.0,linear,1,0.0,-0.05499460584104583
5,Standalone LSTM,B: Single-Branch Deep,84.48831587429493,0.8448408196415996,,,,3.0,linear,1,0.0,-0.05499460584104583
5,Proposed: MLP + Causal TCN + LSTM,D: Proposed,84.16599516518937,0.8416525230781968,,,,3.0,linear,1,0.0,-0.05499460584104583
1,Majority Class (reference),0: Reference,49.979863068868305,0.3332438238453276,,,,,linear,1,0.2,-0.05499460584104583
1,Logistic Regression,A: Traditional ML,83.85018123238018,0.8384841027328074,,,,,linear,1,0.2,-0.05499460584104583
1,Static MLP Only,B: Single-Branch Deep,65.80749093838098,0.6578615892862795,,,,1.0,linear,1,0.2,-0.05499460584104583
1,Standalone LSTM,B: Single-Branch Deep,76.68143374949658,0.7661126704608403,,,,2.0,linear,1,0.2,-0.05499460584104583
1,Proposed: MLP + Causal TCN + LSTM,D: Proposed,82.8836085380588,0.8287916538293869,,,,6.0,linear,1,0.2,-0.05499460584104583
2,Majority Class (reference),0: Reference,50.0,0.3333333333333333,,,,,linear,1,0.2,-0.05499460584104583
2,Logistic Regression,A: Traditional ML,84.32715551974215,0.8432642022326172,,,,,linear,1,0.2,-0.05499460584104583
2,Static MLP Only,B: Single-Branch Deep,65.87429492344883,0.6578471223650941,,,,1.0,linear,1,0.2,-0.05499460584104583
2,Standalone LSTM,B: Single-Branch Deep,78.52538275584206,0.7848976353806256,,,,14.0,linear,1,0.2,-0.05499460584104583
2,Proposed: MLP + Causal TCN + LSTM,D: Proposed,83.8436744560838,0.8384251778808136,,,,3.0,linear,1,0.2,-0.05499460584104583
3,Majority Class (reference),0: Reference,50.0,0.3333333333333333,,,,,linear,1,0.2,-0.05499460584104583
3,Logistic Regression,A: Traditional ML,84.6494762288477,0.8464875605414579,,,,,linear,1,0.2,-0.05499460584104583
3,Static MLP Only,B: Single-Branch Deep,67.20386784850928,0.6720214285714285,,,,3.0,linear,1,0.2,-0.05499460584104583
3,Standalone LSTM,B: Single-Branch Deep,77.84045124899275,0.7784043686042283,,,,7.0,linear,1,0.2,-0.05499460584104583
3,Proposed: MLP + Causal TCN + LSTM,D: Proposed,83.68251410153103,0.8368028615388662,,,,6.0,linear,1,0.2,-0.05499460584104583
4,Majority Class (reference),0: Reference,50.0,0.3333333333333333,,,,,linear,1,0.2,-0.05499460584104583
4,Logistic Regression,A: Traditional ML,84.81063658340048,0.8481063411772403,,,,,linear,1,0.2,-0.05499460584104583
4,Static MLP Only,B: Single-Branch Deep,66.59951651893634,0.6659612750558104,,,,2.0,linear,1,0.2,-0.05499460584104583
4,Standalone LSTM,B: Single-Branch Deep,78.84770346494763,0.7878861426922906,,,,5.0,linear,1,0.2,-0.05499460584104583
4,Proposed: MLP + Causal TCN + LSTM,D: Proposed,84.48831587429493,0.844869837389069,,,,3.0,linear,1,0.2,-0.05499460584104583
5,Majority Class (reference),0: Reference,50.0,0.3333333333333333,,,,,linear,1,0.2,-0.05499460584104583
5,Logistic Regression,A: Traditional ML,83.72280419016921,0.8371671413863547,,,,,linear,1,0.2,-0.05499460584104583
5,Static MLP Only,B: Single-Branch Deep,66.35777598710717,0.6616571610951528,,,,1.0,linear,1,0.2,-0.05499460584104583
5,Standalone LSTM,B: Single-Branch Deep,78.2030620467365,0.7815937955788246,,,,5.0,linear,1,0.2,-0.05499460584104583
5,Proposed: MLP + Causal TCN + LSTM,D: Proposed,83.48106365834005,0.8347538764523705,,,,5.0,linear,1,0.2,-0.05499460584104583
1,Majority Class (reference),0: Reference,49.979863068868305,0.3332438238453276,,,,,linear,1,0.4,-0.05499460584104583
1,Logistic Regression,A: Traditional ML,85.78332662102297,0.8578324360735885,,,,,linear,1,0.4,-0.05499460584104583
1,Static MLP Only,B: Single-Branch Deep,71.20418848167539,0.7117119472420093,,,,5.0,linear,1,0.4,-0.05499460584104583
1,Standalone LSTM,B: Single-Branch Deep,74.54691904953685,0.7446221545231446,,,,6.0,linear,1,0.4,-0.05499460584104583
1,Proposed: MLP + Causal TCN + LSTM,D: Proposed,84.6959323399114,0.8467962865059149,,,,5.0,linear,1,0.4,-0.05499460584104583
2,Majority Class (reference),0: Reference,50.0,0.3333333333333333,,,,,linear,1,0.4,-0.05499460584104583
2,Logistic Regression,A: Traditional ML,84.24657534246576,0.8424307370324998,,,,,linear,1,0.4,-0.05499460584104583
2,Static MLP Only,B: Single-Branch Deep,70.66881547139404,0.7065959468614189,,,,5.0,linear,1,0.4,-0.05499460584104583
2,Standalone LSTM,B: Single-Branch Deep,72.15954875100725,0.7204482511369521,,,,10.0,linear,1,0.4,-0.05499460584104583
2,Proposed: MLP + Causal TCN + LSTM,D: Proposed,84.08541498791297,0.8407970620879928,,,,5.0,linear,1,0.4,-0.05499460584104583
3,Majority Class (reference),0: Reference,50.0,0.3333333333333333,,,,,linear,1,0.4,-0.05499460584104583
3,Logistic Regression,A: Traditional ML,84.12570507655117,0.8412519999584425,,,,,linear,1,0.4,-0.05499460584104583
3,Static MLP Only,B: Single-Branch Deep,70.1853344077357,0.7014949630484868,,,,6.0,linear,1,0.4,-0.05499460584104583
3,Standalone LSTM,B: Single-Branch Deep,71.7163577759871,0.7163367613272276,,,,5.0,linear,1,0.4,-0.05499460584104583
3,Proposed: MLP + Causal TCN + LSTM,D: Proposed,83.07816277195809,0.830781517843229,,,,10.0,linear,1,0.4,-0.05499460584104583
4,Majority Class (reference),0: Reference,50.0,0.3333333333333333,,,,,linear,1,0.4,-0.05499460584104583
4,Logistic Regression,A: Traditional ML,85.29411764705883,0.8529411525986543,,,,,linear,1,0.4,-0.05499460584104583
4,Static MLP Only,B: Single-Branch Deep,73.40854149879131,0.7340163319544764,,,,6.0,linear,1,0.4,-0.05499460584104583
4,Standalone LSTM,B: Single-Branch Deep,73.00564061240935,0.7276354959931656,,,,5.0,linear,1,0.4,-0.05499460584104583
4,Proposed: MLP + Causal TCN + LSTM,D: Proposed,84.89121676067687,0.8488854541188963,,,,2.0,linear,1,0.4,-0.05499460584104583
5,Majority Class (reference),0: Reference,50.0,0.3333333333333333,,,,,linear,1,0.4,-0.05499460584104583
5,Logistic Regression,A: Traditional ML,83.80338436744562,0.8380337385070905,,,,,linear,1,0.4,-0.05499460584104583
5,Static MLP Only,B: Single-Branch Deep,69.41982272361,0.6939477843666977,,,,2.0,linear,1,0.4,-0.05499460584104583
5,Standalone LSTM,B: Single-Branch Deep,73.65028203062046,0.7358219973543596,,,,4.0,linear,1,0.4,-0.05499460584104583
5,Proposed: MLP + Causal TCN + LSTM,D: Proposed,82.75584206285254,0.8275543896444584,,,,10.0,linear,1,0.4,-0.05499460584104583
1,Majority Class (reference),0: Reference,49.979863068868305,0.3332438238453276,,,,,linear,1,0.5,-0.05499460584104583
1,Logistic Regression,A: Traditional ML,83.68908578332662,0.8368856722842624,,,,,linear,1,0.5,-0.05499460584104583
1,Static MLP Only,B: Single-Branch Deep,73.8622633910592,0.7381979952525382,,,,3.0,linear,1,0.5,-0.05499460584104583
1,Standalone LSTM,B: Single-Branch Deep,69.47241240434958,0.6941772403653792,,,,6.0,linear,1,0.5,-0.05499460584104583
1,Proposed: MLP + Causal TCN + LSTM,D: Proposed,82.48086991542489,0.8247864183742246,,,,5.0,linear,1,0.5,-0.05499460584104583
2,Majority Class (reference),0: Reference,50.0,0.3333333333333333,,,,,linear,1,0.5,-0.05499460584104583
2,Logistic Regression,A: Traditional ML,83.92425463336019,0.8391986676285669,,,,,linear,1,0.5,-0.05499460584104583
2,Static MLP Only,B: Single-Branch Deep,72.6430298146656,0.7259209204935861,,,,8.0,linear,1,0.5,-0.05499460584104583
2,Standalone LSTM,B: Single-Branch Deep,70.1047542304593,0.7005417956656347,,,,11.0,linear,1,0.5,-0.05499460584104583
2,Proposed: MLP + Causal TCN + LSTM,D: Proposed,83.11845286059629,0.8310890825054333,,,,3.0,linear,1,0.5,-0.05499460584104583
3,Majority Class (reference),0: Reference,50.0,0.3333333333333333,,,,,linear,1,0.5,-0.05499460584104583
3,Logistic Regression,A: Traditional ML,84.6897663174859,0.8468856333930752,,,,,linear,1,0.5,-0.05499460584104583
3,Static MLP Only,B: Single-Branch Deep,75.42304593070105,0.7541306799284941,,,,8.0,linear,1,0.5,-0.05499460584104583
3,Standalone LSTM,B: Single-Branch Deep,71.19258662369057,0.7106780430584527,,,,6.0,linear,1,0.5,-0.05499460584104583
3,Proposed: MLP + Causal TCN + LSTM,D: Proposed,84.81063658340048,0.8480688536392542,,,,4.0,linear,1,0.5,-0.05499460584104583
4,Majority Class (reference),0: Reference,50.0,0.3333333333333333,,,,,linear,1,0.5,-0.05499460584104583
4,Logistic Regression,A: Traditional ML,85.4149879129734,0.8541081031929542,,,,,linear,1,0.5,-0.05499460584104583
4,Static MLP Only,B: Single-Branch Deep,73.77115229653505,0.7372046874306226,,,,1.0,linear,1,0.5,-0.05499460584104583
4,Standalone LSTM,B: Single-Branch Deep,69.82272360999194,0.6959457149777915,,,,12.0,linear,1,0.5,-0.05499460584104583
4,Proposed: MLP + Causal TCN + LSTM,D: Proposed,84.48831587429493,0.8448801119054031,,,,8.0,linear,1,0.5,-0.05499460584104583
5,Majority Class (reference),0: Reference,50.0,0.3333333333333333,,,,,linear,1,0.5,-0.05499460584104583
5,Logistic Regression,A: Traditional ML,84.60918614020952,0.8460882636546334,,,,,linear,1,0.5,-0.05499460584104583
5,Static MLP Only,B: Single-Branch Deep,73.69057211925866,0.7368113456796439,,,,2.0,linear,1,0.5,-0.05499460584104583
5,Standalone LSTM,B: Single-Branch Deep,70.06446414182112,0.6998588098196753,,,,3.0,linear,1,0.5,-0.05499460584104583
5,Proposed: MLP + Causal TCN + LSTM,D: Proposed,84.24657534246576,0.8423641911488211,,,,4.0,linear,1,0.5,-0.05499460584104583
1,Majority Class (reference),0: Reference,49.979863068868305,0.3332438238453276,,,,,linear,1,0.6,-0.05499460584104583
1,Logistic Regression,A: Traditional ML,85.98469593233992,0.8598467547297122,,,,,linear,1,0.6,-0.05499460584104583
1,Static MLP Only,B: Single-Branch Deep,75.15102698348771,0.7512389655707132,,,,3.0,linear,1,0.6,-0.05499460584104583
1,Standalone LSTM,B: Single-Branch Deep,68.98912605718888,0.6892011834319527,,,,10.0,linear,1,0.6,-0.05499460584104583
1,Proposed: MLP + Causal TCN + LSTM,D: Proposed,85.21949254933548,0.8521833212891567,,,,4.0,linear,1,0.6,-0.05499460584104583
2,Majority Class (reference),0: Reference,50.0,0.3333333333333333,,,,,linear,1,0.6,-0.05499460584104583
2,Logistic Regression,A: Traditional ML,85.93875906526995,0.8593683917952205,,,,,linear,1,0.6,-0.05499460584104583
2,Static MLP Only,B: Single-Branch Deep,75.94681708299758,0.759456886202757,,,,5.0,linear,1,0.6,-0.05499460584104583
2,Standalone LSTM,B: Single-Branch Deep,66.55922643029814,0.6649099349683951,,,,7.0,linear,1,0.6,-0.05499460584104583
2,Proposed: MLP + Causal TCN + LSTM,D: Proposed,85.05237711522965,0.8505033620516527,,,,5.0,linear,1,0.6,-0.05499460584104583
3,Majority Class (reference),0: Reference,50.0,0.3333333333333333,,,,,linear,1,0.6,-0.05499460584104583
3,Logistic Regression,A: Traditional ML,84.44802578565674,0.8444777332772315,,,,,linear,1,0.6,-0.05499460584104583
3,Static MLP Only,B: Single-Branch Deep,74.45608380338436,0.7444114759732612,,,,2.0,linear,1,0.6,-0.05499460584104583
3,Standalone LSTM,B: Single-Branch Deep,68.25141015310233,0.6816407267347981,,,,5.0,linear,1,0.6,-0.05499460584104583
3,Proposed: MLP + Causal TCN + LSTM,D: Proposed,83.36019339242546,0.8335958561704934,,,,2.0,linear,1,0.6,-0.05499460584104583
4,Majority Class (reference),0: Reference,50.0,0.3333333333333333,,,,,linear,1,0.6,-0.05499460584104583
4,Logistic Regression,A: Traditional ML,84.73005640612409,0.8472985562420183,,,,,linear,1,0.6,-0.05499460584104583
4,Static MLP Only,B: Single-Branch Deep,75.58420628525383,0.7557962374138845,,,,4.0,linear,1,0.6,-0.05499460584104583
4,Standalone LSTM,B: Single-Branch Deep,69.05721192586624,0.6890789692598284,,,,2.0,linear,1,0.6,-0.05499460584104583
4,Proposed: MLP + Causal TCN + LSTM,D: Proposed,83.60193392425464,0.8359701062357159,,,,2.0,linear,1,0.6,-0.05499460584104583
5,Majority Class (reference),0: Reference,50.0,0.3333333333333333,,,,,linear,1,0.6,-0.05499460584104583
5,Logistic Regression,A: Traditional ML,85.49556809024979,0.8548967947118982,,,,,linear,1,0.6,-0.05499460584104583
5,Static MLP Only,B: Single-Branch Deep,76.34971796937954,0.7629149278419969,,,,9.0,linear,1,0.6,-0.05499460584104583
5,Standalone LSTM,B: Single-Branch Deep,67.40531829170024,0.6719014275179606,,,,4.0,linear,1,0.6,-0.05499460584104583
5,Proposed: MLP + Causal TCN + LSTM,D: Proposed,84.36744560838034,0.8434686383330645,,,,2.0,linear,1,0.6,-0.05499460584104583
1,Majority Class (reference),0: Reference,49.979863068868305,0.3332438238453276,,,,,linear,1,0.8,-0.05499460584104583
1,Logistic Regression,A: Traditional ML,85.01812323801853,0.8501705151530095,,,,,linear,1,0.8,-0.05499460584104583
1,Static MLP Only,B: Single-Branch Deep,78.85622231171969,0.7884303113961092,,,,2.0,linear,1,0.8,-0.05499460584104583
1,Standalone LSTM,B: Single-Branch Deep,62.545308095046316,0.6217706556178406,,,,1.0,linear,1,0.8,-0.05499460584104583
1,Proposed: MLP + Causal TCN + LSTM,D: Proposed,84.2529198550141,0.8424797346509278,,,,10.0,linear,1,0.8,-0.05499460584104583
2,Majority Class (reference),0: Reference,50.0,0.3333333333333333,,,,,linear,1,0.8,-0.05499460584104583
2,Logistic Regression,A: Traditional ML,84.44802578565674,0.8444793490174485,,,,,linear,1,0.8,-0.05499460584104583
2,Static MLP Only,B: Single-Branch Deep,79.8952457695407,0.7989077692563105,,,,3.0,linear,1,0.8,-0.05499460584104583
2,Standalone LSTM,B: Single-Branch Deep,61.84528605962933,0.6159340566866609,,,,11.0,linear,1,0.8,-0.05499460584104583
2,Proposed: MLP + Causal TCN + LSTM,D: Proposed,83.76309427880742,0.8375676344117976,,,,5.0,linear,1,0.8,-0.05499460584104583
3,Majority Class (reference),0: Reference,50.0,0.3333333333333333,,,,,linear,1,0.8,-0.05499460584104583
3,Logistic Regression,A: Traditional ML,85.25382755842062,0.8524960380348653,,,,,linear,1,0.8,-0.05499460584104583
3,Static MLP Only,B: Single-Branch Deep,81.10394842868655,0.8109658077894121,,,,4.0,linear,1,0.8,-0.05499460584104583
3,Standalone LSTM,B: Single-Branch Deep,62.48992747784045,0.6227578646462124,,,,3.0,linear,1,0.8,-0.05499460584104583
3,Proposed: MLP + Causal TCN + LSTM,D: Proposed,84.08541498791297,0.8406844722489313,,,,6.0,linear,1,0.8,-0.05499460584104583
4,Majority Class (reference),0: Reference,50.0,0.3333333333333333,,,,,linear,1,0.8,-0.05499460584104583
4,Logistic Regression,A: Traditional ML,84.6494762288477,0.846460641456221,,,,,linear,1,0.8,-0.05499460584104583
4,Static MLP Only,B: Single-Branch Deep,81.38597904915392,0.8138593070346483,,,,6.0,linear,1,0.8,-0.05499460584104583
4,Standalone LSTM,B: Single-Branch Deep,60.676873489121675,0.6067480519480519,,,,7.0,linear,1,0.8,-0.05499460584104583
4,Proposed: MLP + Causal TCN + LSTM,D: Proposed,84.32715551974215,0.8432053536672566,,,,4.0,linear,1,0.8,-0.05499460584104583
5,Majority Class (reference),0: Reference,50.0,0.3333333333333333,,,,,linear,1,0.8,-0.05499460584104583
5,Logistic Regression,A: Traditional ML,84.12570507655117,0.841256123090349,,,,,linear,1,0.8,-0.05499460584104583
5,Static MLP Only,B: Single-Branch Deep,80.45930701047543,0.8044970692506568,,,,5.0,linear,1,0.8,-0.05499460584104583
5,Standalone LSTM,B: Single-Branch Deep,62.570507655116835,0.623083379989293,,,,2.0,linear,1,0.8,-0.05499460584104583
5,Proposed: MLP + Causal TCN + LSTM,D: Proposed,83.60193392425464,0.8360180349091559,,,,4.0,linear,1,0.8,-0.05499460584104583
1,Majority Class (reference),0: Reference,49.979863068868305,0.3332438238453276,,,,,linear,1,1.0,-0.05499460584104583
1,Logistic Regression,A: Traditional ML,84.41401530406766,0.8440955459740975,,,,,linear,1,1.0,-0.05499460584104583
1,Static MLP Only,B: Single-Branch Deep,83.7696335078534,0.837536013170531,,,,4.0,linear,1,1.0,-0.05499460584104583
1,Standalone LSTM,B: Single-Branch Deep,52.59766411598872,0.5259689524522282,,,,1.0,linear,1,1.0,-0.05499460584104583
1,Proposed: MLP + Causal TCN + LSTM,D: Proposed,83.68908578332662,0.8365701102306462,,,,2.0,linear,1,1.0,-0.05499460584104583
2,Majority Class (reference),0: Reference,50.0,0.3333333333333333,,,,,linear,1,1.0,-0.05499460584104583
2,Logistic Regression,A: Traditional ML,84.81063658340048,0.8481008178602324,,,,,linear,1,1.0,-0.05499460584104583
2,Static MLP Only,B: Single-Branch Deep,84.24657534246576,0.8424636820333224,,,,6.0,linear,1,1.0,-0.05499460584104583
2,Standalone LSTM,B: Single-Branch Deep,53.303787268331995,0.5330105067189528,,,,9.0,linear,1,1.0,-0.05499460584104583
2,Proposed: MLP + Causal TCN + LSTM,D: Proposed,83.68251410153103,0.8367449753536412,,,,2.0,linear,1,1.0,-0.05499460584104583
3,Majority Class (reference),0: Reference,50.0,0.3333333333333333,,,,,linear,1,1.0,-0.05499460584104583
3,Logistic Regression,A: Traditional ML,85.81788879935536,0.8581696787168154,,,,,linear,1,1.0,-0.05499460584104583
3,Static MLP Only,B: Single-Branch Deep,84.56889605157131,0.8456817209642478,,,,9.0,linear,1,1.0,-0.05499460584104583
3,Standalone LSTM,B: Single-Branch Deep,52.377115229653505,0.5237662046731794,,,,5.0,linear,1,1.0,-0.05499460584104583
3,Proposed: MLP + Causal TCN + LSTM,D: Proposed,84.73005640612409,0.84729934946086,,,,9.0,linear,1,1.0,-0.05499460584104583
4,Majority Class (reference),0: Reference,50.0,0.3333333333333333,,,,,linear,1,1.0,-0.05499460584104583
4,Logistic Regression,A: Traditional ML,84.6897663174859,0.8468940842637716,,,,,linear,1,1.0,-0.05499460584104583
4,Static MLP Only,B: Single-Branch Deep,84.20628525382756,0.8420602887167739,,,,3.0,linear,1,1.0,-0.05499460584104583
4,Standalone LSTM,B: Single-Branch Deep,52.21595487510072,0.5208041804359504,,,,13.0,linear,1,1.0,-0.05499460584104583
4,Proposed: MLP + Causal TCN + LSTM,D: Proposed,84.20628525382756,0.8420480837852458,,,,2.0,linear,1,1.0,-0.05499460584104583
5,Majority Class (reference),0: Reference,50.0,0.3333333333333333,,,,,linear,1,1.0,-0.05499460584104583
5,Logistic Regression,A: Traditional ML,83.92425463336019,0.8392331252639018,,,,,linear,1,1.0,-0.05499460584104583
5,Static MLP Only,B: Single-Branch Deep,83.27961321514907,0.8327548388867123,,,,2.0,linear,1,1.0,-0.05499460584104583
5,Standalone LSTM,B: Single-Branch Deep,53.58581788879936,0.5355095277547639,,,,3.0,linear,1,1.0,-0.05499460584104583
5,Proposed: MLP + Causal TCN + LSTM,D: Proposed,83.07816277195809,0.8305967238689547,,,,3.0,linear,1,1.0,-0.05499460584104583
1,Majority Class (reference),0: Reference,49.979863068868305,0.3332438238453276,,,,,nonlinear,0,0.0,-0.02395529651741333
1,Logistic Regression,A: Traditional ML,67.94200563834072,0.6781659280565043,,,,,nonlinear,0,0.0,-0.02395529651741333
1,Static MLP Only,B: Single-Branch Deep,52.114377768828035,0.5158350975262923,,,,2.0,nonlinear,0,0.0,-0.02395529651741333
1,Standalone LSTM,B: Single-Branch Deep,73.25815545710833,0.7325763061120151,,,,2.0,nonlinear,0,0.0,-0.02395529651741333
1,Proposed: MLP + Causal TCN + LSTM,D: Proposed,73.94281111558598,0.7378607064621008,,,,6.0,nonlinear,0,0.0,-0.02395529651741333
2,Majority Class (reference),0: Reference,50.0,0.3333333333333333,,,,,nonlinear,0,0.0,-0.02395529651741333
2,Logistic Regression,A: Traditional ML,68.09024979854955,0.679362687049198,,,,,nonlinear,0,0.0,-0.02395529651741333
2,Static MLP Only,B: Single-Branch Deep,50.64464141821112,0.5043608970587684,,,,5.0,nonlinear,0,0.0,-0.02395529651741333
2,Standalone LSTM,B: Single-Branch Deep,74.89927477840452,0.7471304367734513,,,,12.0,nonlinear,0,0.0,-0.02395529651741333
2,Proposed: MLP + Causal TCN + LSTM,D: Proposed,74.0934730056406,0.7400959507318934,,,,3.0,nonlinear,0,0.0,-0.02395529651741333
3,Majority Class (reference),0: Reference,50.0,0.3333333333333333,,,,,nonlinear,0,0.0,-0.02395529651741333
3,Logistic Regression,A: Traditional ML,66.80096696212732,0.6671243534279306,,,,,nonlinear,0,0.0,-0.02395529651741333
3,Static MLP Only,B: Single-Branch Deep,51.5713134568896,0.5112188057040998,,,,3.0,nonlinear,0,0.0,-0.02395529651741333
3,Standalone LSTM,B: Single-Branch Deep,74.61724415793715,0.74614458488537,,,,16.0,nonlinear,0,0.0,-0.02395529651741333
3,Proposed: MLP + Causal TCN + LSTM,D: Proposed,73.97260273972603,0.7392857142857143,,,,3.0,nonlinear,0,0.0,-0.02395529651741333
4,Majority Class (reference),0: Reference,50.0,0.3333333333333333,,,,,nonlinear,0,0.0,-0.02395529651741333
4,Logistic Regression,A: Traditional ML,67.08299758259469,0.668910131807727,,,,,nonlinear,0,0.0,-0.02395529651741333
4,Static MLP Only,B: Single-Branch Deep,51.24899274778405,0.50819290919512,,,,3.0,nonlinear,0,0.0,-0.02395529651741333
4,Standalone LSTM,B: Single-Branch Deep,74.33521353746978,0.7412255497365745,,,,10.0,nonlinear,0,0.0,-0.02395529651741333
4,Proposed: MLP + Causal TCN + LSTM,D: Proposed,73.4488315874295,0.7324431336272857,,,,2.0,nonlinear,0,0.0,-0.02395529651741333
5,Majority Class (reference),0: Reference,50.0,0.3333333333333333,,,,,nonlinear,0,0.0,-0.02395529651741333
5,Logistic Regression,A: Traditional ML,67.12328767123287,0.6686768747546132,,,,,nonlinear,0,0.0,-0.02395529651741333
5,Static MLP Only,B: Single-Branch Deep,53.58581788879936,0.5349777024587471,,,,5.0,nonlinear,0,0.0,-0.02395529651741333
5,Standalone LSTM,B: Single-Branch Deep,74.49637389202256,0.7436895351631458,,,,5.0,nonlinear,0,0.0,-0.02395529651741333
5,Proposed: MLP + Causal TCN + LSTM,D: Proposed,72.72360999194198,0.7235395786905299,,,,7.0,nonlinear,0,0.0,-0.02395529651741333
1,Majority Class (reference),0: Reference,49.979863068868305,0.3332438238453276,,,,,nonlinear,0,0.2,-0.02395529651741333
1,Logistic Regression,A: Traditional ML,69.63350785340315,0.6960723770933577,,,,,nonlinear,0,0.2,-0.02395529651741333
1,Static MLP Only,B: Single-Branch Deep,61.860652436568664,0.6153057339773369,,,,8.0,nonlinear,0,0.2,-0.02395529651741333
1,Standalone LSTM,B: Single-Branch Deep,68.9488521949255,0.6881611064913191,,,,5.0,nonlinear,0,0.2,-0.02395529651741333
1,Proposed: MLP + Causal TCN + LSTM,D: Proposed,77.04389850986709,0.7704255426827369,,,,8.0,nonlinear,0,0.2,-0.02395529651741333
2,Majority Class (reference),0: Reference,50.0,0.3333333333333333,,,,,nonlinear,0,0.2,-0.02395529651741333
2,Logistic Regression,A: Traditional ML,70.26591458501208,0.702626513722862,,,,,nonlinear,0,0.2,-0.02395529651741333
2,Static MLP Only,B: Single-Branch Deep,63.33601933924255,0.6331598711052208,,,,15.0,nonlinear,0,0.2,-0.02395529651741333
2,Standalone LSTM,B: Single-Branch Deep,69.50040290088639,0.6945752173188603,,,,6.0,nonlinear,0,0.2,-0.02395529651741333
2,Proposed: MLP + Causal TCN + LSTM,D: Proposed,76.59145850120869,0.7659036028204386,,,,7.0,nonlinear,0,0.2,-0.02395529651741333
3,Majority Class (reference),0: Reference,50.0,0.3333333333333333,,,,,nonlinear,0,0.2,-0.02395529651741333
3,Logistic Regression,A: Traditional ML,69.78243352135375,0.6978147207330756,,,,,nonlinear,0,0.2,-0.02395529651741333
3,Static MLP Only,B: Single-Branch Deep,63.05398871877518,0.6304664042581554,,,,5.0,nonlinear,0,0.2,-0.02395529651741333
3,Standalone LSTM,B: Single-Branch Deep,72.44157937147462,0.7229259694477086,,,,16.0,nonlinear,0,0.2,-0.02395529651741333
3,Proposed: MLP + Causal TCN + LSTM,D: Proposed,79.41176470588235,0.7940164997671868,,,,10.0,nonlinear,0,0.2,-0.02395529651741333
4,Majority Class (reference),0: Reference,50.0,0.3333333333333333,,,,,nonlinear,0,0.2,-0.02395529651741333
4,Logistic Regression,A: Traditional ML,68.85576148267526,0.688436182134788,,,,,nonlinear,0,0.2,-0.02395529651741333
4,Static MLP Only,B: Single-Branch Deep,63.25543916196615,0.6310593021436395,,,,4.0,nonlinear,0,0.2,-0.02395529651741333
4,Standalone LSTM,B: Single-Branch Deep,69.66156325543916,0.6940108381250918,,,,14.0,nonlinear,0,0.2,-0.02395529651741333
4,Proposed: MLP + Causal TCN + LSTM,D: Proposed,77.51813053988718,0.7751719623874282,,,,5.0,nonlinear,0,0.2,-0.02395529651741333
5,Majority Class (reference),0: Reference,50.0,0.3333333333333333,,,,,nonlinear,0,0.2,-0.02395529651741333
5,Logistic Regression,A: Traditional ML,69.54069298952457,0.6951503946295292,,,,,nonlinear,0,0.2,-0.02395529651741333
5,Static MLP Only,B: Single-Branch Deep,63.45688960515713,0.6339384833280892,,,,5.0,nonlinear,0,0.2,-0.02395529651741333
5,Standalone LSTM,B: Single-Branch Deep,69.33924254633361,0.691789364166113,,,,12.0,nonlinear,0,0.2,-0.02395529651741333
5,Proposed: MLP + Causal TCN + LSTM,D: Proposed,77.03464947622885,0.7701530753159148,,,,5.0,nonlinear,0,0.2,-0.02395529651741333
1,Majority Class (reference),0: Reference,49.979863068868305,0.3332438238453276,,,,,nonlinear,0,0.4,-0.02395529651741333
1,Logistic Regression,A: Traditional ML,68.70720902134515,0.6870264027789291,,,,,nonlinear,0,0.4,-0.02395529651741333
1,Static MLP Only,B: Single-Branch Deep,68.78775674587193,0.6876700664952389,,,,10.0,nonlinear,0,0.4,-0.02395529651741333
1,Standalone LSTM,B: Single-Branch Deep,66.93515908175594,0.6684144821006968,,,,2.0,nonlinear,0,0.4,-0.02395529651741333
1,Proposed: MLP + Causal TCN + LSTM,D: Proposed,79.7422472815143,0.797304115803313,,,,12.0,nonlinear,0,0.4,-0.02395529651741333
2,Majority Class (reference),0: Reference,50.0,0.3333333333333333,,,,,nonlinear,0,0.4,-0.02395529651741333
2,Logistic Regression,A: Traditional ML,71.19258662369057,0.7119123511473555,,,,,nonlinear,0,0.4,-0.02395529651741333
2,Static MLP Only,B: Single-Branch Deep,68.73489121676067,0.6870237591494468,,,,10.0,nonlinear,0,0.4,-0.02395529651741333
2,Standalone LSTM,B: Single-Branch Deep,66.63980660757454,0.6637076504162958,,,,8.0,nonlinear,0,0.4,-0.02395529651741333
2,Proposed: MLP + Causal TCN + LSTM,D: Proposed,79.61321514907333,0.7960982579189193,,,,9.0,nonlinear,0,0.4,-0.02395529651741333
3,Majority Class (reference),0: Reference,50.0,0.3333333333333333,,,,,nonlinear,0,0.4,-0.02395529651741333
3,Logistic Regression,A: Traditional ML,68.29170024174053,0.6827723521582976,,,,,nonlinear,0,0.4,-0.02395529651741333
3,Static MLP Only,B: Single-Branch Deep,67.04270749395648,0.6703652181593358,,,,8.0,nonlinear,0,0.4,-0.02395529651741333
3,Standalone LSTM,B: Single-Branch Deep,67.24415793714746,0.6681269720660468,,,,10.0,nonlinear,0,0.4,-0.02395529651741333
3,Proposed: MLP + Causal TCN + LSTM,D: Proposed,79.21031426269137,0.7920997678006514,,,,12.0,nonlinear,0,0.4,-0.02395529651741333
4,Majority Class (reference),0: Reference,50.0,0.3333333333333333,,,,,nonlinear,0,0.4,-0.02395529651741333
4,Logistic Regression,A: Traditional ML,68.5334407735697,0.6853319048256774,,,,,nonlinear,0,0.4,-0.02395529651741333
4,Static MLP Only,B: Single-Branch Deep,69.13779210314263,0.6912207325811718,,,,12.0,nonlinear,0,0.4,-0.02395529651741333
4,Standalone LSTM,B: Single-Branch Deep,66.43835616438356,0.6603341973223406,,,,12.0,nonlinear,0,0.4,-0.02395529651741333
4,Proposed: MLP + Causal TCN + LSTM,D: Proposed,79.65350523771151,0.7954712600576703,,,,9.0,nonlinear,0,0.4,-0.02395529651741333
5,Majority Class (reference),0: Reference,50.0,0.3333333333333333,,,,,nonlinear,0,0.4,-0.02395529651741333
5,Logistic Regression,A: Traditional ML,70.62852538275585,0.7062813918217188,,,,,nonlinear,0,0.4,-0.02395529651741333
5,Static MLP Only,B: Single-Branch Deep,69.98388396454473,0.6995027980306934,,,,9.0,nonlinear,0,0.4,-0.02395529651741333
5,Standalone LSTM,B: Single-Branch Deep,66.31748589846897,0.6624118183001432,,,,2.0,nonlinear,0,0.4,-0.02395529651741333
5,Proposed: MLP + Causal TCN + LSTM,D: Proposed,80.09669621273167,0.8009668328917978,,,,11.0,nonlinear,0,0.4,-0.02395529651741333
1,Majority Class (reference),0: Reference,49.979863068868305,0.3332438238453276,,,,,nonlinear,0,0.5,-0.02395529651741333
1,Logistic Regression,A: Traditional ML,70.237615787354,0.7023327048309249,,,,,nonlinear,0,0.5,-0.02395529651741333
1,Static MLP Only,B: Single-Branch Deep,72.29158276278696,0.7229103894654614,,,,15.0,nonlinear,0,0.5,-0.02395529651741333
1,Standalone LSTM,B: Single-Branch Deep,64.72009665726944,0.6433804867491688,,,,11.0,nonlinear,0,0.5,-0.02395529651741333
1,Proposed: MLP + Causal TCN + LSTM,D: Proposed,80.10471204188482,0.8010432156917703,,,,8.0,nonlinear,0,0.5,-0.02395529651741333
2,Majority Class (reference),0: Reference,50.0,0.3333333333333333,,,,,nonlinear,0,0.5,-0.02395529651741333
2,Logistic Regression,A: Traditional ML,69.50040290088639,0.6949956616351374,,,,,nonlinear,0,0.5,-0.02395529651741333
2,Static MLP Only,B: Single-Branch Deep,70.82997582594682,0.7079652633364905,,,,13.0,nonlinear,0,0.5,-0.02395529651741333
2,Standalone LSTM,B: Single-Branch Deep,64.38356164383562,0.6432565178680018,,,,4.0,nonlinear,0,0.5,-0.02395529651741333
2,Proposed: MLP + Causal TCN + LSTM,D: Proposed,79.85495568090249,0.7985431471553839,,,,15.0,nonlinear,0,0.5,-0.02395529651741333
3,Majority Class (reference),0: Reference,50.0,0.3333333333333333,,,,,nonlinear,0,0.5,-0.02395529651741333
3,Logistic Regression,A: Traditional ML,68.73489121676067,0.6873487091579658,,,,,nonlinear,0,0.5,-0.02395529651741333
3,Static MLP Only,B: Single-Branch Deep,71.27316680096696,0.7117204496380758,,,,8.0,nonlinear,0,0.5,-0.02395529651741333
3,Standalone LSTM,B: Single-Branch Deep,64.5447219983884,0.6429395820868194,,,,2.0,nonlinear,0,0.5,-0.02395529651741333
3,Proposed: MLP + Causal TCN + LSTM,D: Proposed,79.57292506043513,0.7956734949566,,,,12.0,nonlinear,0,0.5,-0.02395529651741333
4,Majority Class (reference),0: Reference,50.0,0.3333333333333333,,,,,nonlinear,0,0.5,-0.02395529651741333
4,Logistic Regression,A: Traditional ML,69.98388396454473,0.699838790920541,,,,,nonlinear,0,0.5,-0.02395529651741333
4,Static MLP Only,B: Single-Branch Deep,71.8372280419017,0.7178478990059157,,,,9.0,nonlinear,0,0.5,-0.02395529651741333
4,Standalone LSTM,B: Single-Branch Deep,65.51168412570507,0.6503433711462908,,,,10.0,nonlinear,0,0.5,-0.02395529651741333
4,Proposed: MLP + Causal TCN + LSTM,D: Proposed,81.4262691377921,0.8142467403541839,,,,10.0,nonlinear,0,0.5,-0.02395529651741333
5,Majority Class (reference),0: Reference,50.0,0.3333333333333333,,,,,nonlinear,0,0.5,-0.02395529651741333
5,Logistic Regression,A: Traditional ML,68.4931506849315,0.6848576364533812,,,,,nonlinear,0,0.5,-0.02395529651741333
5,Static MLP Only,B: Single-Branch Deep,69.78243352135375,0.6978172715732333,,,,12.0,nonlinear,0,0.5,-0.02395529651741333
5,Standalone LSTM,B: Single-Branch Deep,62.0870265914585,0.6188880311173619,,,,1.0,nonlinear,0,0.5,-0.02395529651741333
5,Proposed: MLP + Causal TCN + LSTM,D: Proposed,78.84770346494763,0.7884742533695506,,,,13.0,nonlinear,0,0.5,-0.02395529651741333
1,Majority Class (reference),0: Reference,49.979863068868305,0.3332438238453276,,,,,nonlinear,0,0.6,-0.02395529651741333
1,Logistic Regression,A: Traditional ML,69.27104309303263,0.6926767341275113,,,,,nonlinear,0,0.6,-0.02395529651741333
1,Static MLP Only,B: Single-Branch Deep,73.8622633910592,0.7383902725618456,,,,9.0,nonlinear,0,0.6,-0.02395529651741333
1,Standalone LSTM,B: Single-Branch Deep,62.6258558195731,0.6155182057124703,,,,8.0,nonlinear,0,0.6,-0.02395529651741333
1,Proposed: MLP + Causal TCN + LSTM,D: Proposed,80.1449859041482,0.801449859041482,,,,12.0,nonlinear,0,0.6,-0.02395529651741333
2,Majority Class (reference),0: Reference,50.0,0.3333333333333333,,,,,nonlinear,0,0.6,-0.02395529651741333
2,Logistic Regression,A: Traditional ML,69.17808219178082,0.6916065587509703,,,,,nonlinear,0,0.6,-0.02395529651741333
2,Static MLP Only,B: Single-Branch Deep,73.40854149879131,0.7335232478240953,,,,9.0,nonlinear,0,0.6,-0.02395529651741333
2,Standalone LSTM,B: Single-Branch Deep,62.48992747784045,0.6221162706839216,,,,3.0,nonlinear,0,0.6,-0.02395529651741333
2,Proposed: MLP + Causal TCN + LSTM,D: Proposed,81.26510878323933,0.8125225081662917,,,,9.0,nonlinear,0,0.6,-0.02395529651741333
3,Majority Class (reference),0: Reference,50.0,0.3333333333333333,,,,,nonlinear,0,0.6,-0.02395529651741333
3,Logistic Regression,A: Traditional ML,69.21837228041902,0.6921739288534264,,,,,nonlinear,0,0.6,-0.02395529651741333
3,Static MLP Only,B: Single-Branch Deep,72.11925866236906,0.7209445302304784,,,,5.0,nonlinear,0,0.6,-0.02395529651741333
3,Standalone LSTM,B: Single-Branch Deep,64.70588235294117,0.6396452658020402,,,,2.0,nonlinear,0,0.6,-0.02395529651741333
3,Proposed: MLP + Causal TCN + LSTM,D: Proposed,80.66075745366639,0.8066014212691685,,,,16.0,nonlinear,0,0.6,-0.02395529651741333
4,Majority Class (reference),0: Reference,50.0,0.3333333333333333,,,,,nonlinear,0,0.6,-0.02395529651741333
4,Logistic Regression,A: Traditional ML,68.73489121676067,0.6873286098984338,,,,,nonlinear,0,0.6,-0.02395529651741333
4,Static MLP Only,B: Single-Branch Deep,72.15954875100725,0.7214044153610915,,,,9.0,nonlinear,0,0.6,-0.02395529651741333
4,Standalone LSTM,B: Single-Branch Deep,63.013698630136986,0.6253692088227343,,,,7.0,nonlinear,0,0.6,-0.02395529651741333
4,Proposed: MLP + Causal TCN + LSTM,D: Proposed,78.76712328767124,0.7876187954055358,,,,6.0,nonlinear,0,0.6,-0.02395529651741333
5,Majority Class (reference),0: Reference,50.0,0.3333333333333333,,,,,nonlinear,0,0.6,-0.02395529651741333
5,Logistic Regression,A: Traditional ML,70.06446414182112,0.7004516471191151,,,,,nonlinear,0,0.6,-0.02395529651741333
5,Static MLP Only,B: Single-Branch Deep,74.33521353746978,0.7433500939487279,,,,9.0,nonlinear,0,0.6,-0.02395529651741333
5,Standalone LSTM,B: Single-Branch Deep,61.88557614826753,0.6150744416873448,,,,2.0,nonlinear,0,0.6,-0.02395529651741333
5,Proposed: MLP + Causal TCN + LSTM,D: Proposed,81.66800966962128,0.8166793527392096,,,,11.0,nonlinear,0,0.6,-0.02395529651741333
1,Majority Class (reference),0: Reference,49.979863068868305,0.3332438238453276,,,,,nonlinear,0,0.8,-0.02395529651741333
1,Logistic Regression,A: Traditional ML,68.06282722513089,0.6805683783915759,,,,,nonlinear,0,0.8,-0.02395529651741333
1,Static MLP Only,B: Single-Branch Deep,77.52718485702779,0.7752557727295142,,,,13.0,nonlinear,0,0.8,-0.02395529651741333
1,Standalone LSTM,B: Single-Branch Deep,59.32339911397503,0.5906572779148875,,,,2.0,nonlinear,0,0.8,-0.02395529651741333
1,Proposed: MLP + Causal TCN + LSTM,D: Proposed,80.70881997583568,0.8070476394116606,,,,18.0,nonlinear,0,0.8,-0.02395529651741333
2,Majority Class (reference),0: Reference,50.0,0.3333333333333333,,,,,nonlinear,0,0.8,-0.02395529651741333
2,Logistic Regression,A: Traditional ML,69.58098307816277,0.6957955596031515,,,,,nonlinear,0,0.8,-0.02395529651741333
2,Static MLP Only,B: Single-Branch Deep,76.95406929895245,0.7695023785170393,,,,10.0,nonlinear,0,0.8,-0.02395529651741333
2,Standalone LSTM,B: Single-Branch Deep,58.98468976631749,0.5893306547822215,,,,3.0,nonlinear,0,0.8,-0.02395529651741333
2,Proposed: MLP + Causal TCN + LSTM,D: Proposed,80.7010475423046,0.8069224354305267,,,,7.0,nonlinear,0,0.8,-0.02395529651741333
3,Majority Class (reference),0: Reference,50.0,0.3333333333333333,,,,,nonlinear,0,0.8,-0.02395529651741333
3,Logistic Regression,A: Traditional ML,70.58823529411765,0.7058668831168831,,,,,nonlinear,0,0.8,-0.02395529651741333
3,Static MLP Only,B: Single-Branch Deep,76.95406929895245,0.7691035119847252,,,,13.0,nonlinear,0,0.8,-0.02395529651741333
3,Standalone LSTM,B: Single-Branch Deep,58.42062852538275,0.5765378999492128,,,,3.0,nonlinear,0,0.8,-0.02395529651741333
3,Proposed: MLP + Causal TCN + LSTM,D: Proposed,81.5471394037067,0.8150948797777409,,,,11.0,nonlinear,0,0.8,-0.02395529651741333
4,Majority Class (reference),0: Reference,50.0,0.3333333333333333,,,,,nonlinear,0,0.8,-0.02395529651741333
4,Logistic Regression,A: Traditional ML,70.78968573730863,0.7078717717066882,,,,,nonlinear,0,0.8,-0.02395529651741333
4,Static MLP Only,B: Single-Branch Deep,75.82594681708301,0.7580080611980258,,,,9.0,nonlinear,0,0.8,-0.02395529651741333
4,Standalone LSTM,B: Single-Branch Deep,59.54875100725222,0.5913414358958212,,,,8.0,nonlinear,0,0.8,-0.02395529651741333
4,Proposed: MLP + Causal TCN + LSTM,D: Proposed,81.22481869460113,0.8122481869460113,,,,10.0,nonlinear,0,0.8,-0.02395529651741333
5,Majority Class (reference),0: Reference,50.0,0.3333333333333333,,,,,nonlinear,0,0.8,-0.02395529651741333
5,Logistic Regression,A: Traditional ML,67.8082191780822,0.67799432439906,,,,,nonlinear,0,0.8,-0.02395529651741333
5,Static MLP Only,B: Single-Branch Deep,76.26913779210315,0.7626743884583522,,,,14.0,nonlinear,0,0.8,-0.02395529651741333
5,Standalone LSTM,B: Single-Branch Deep,60.71716357775987,0.6011487154333419,,,,3.0,nonlinear,0,0.8,-0.02395529651741333
5,Proposed: MLP + Causal TCN + LSTM,D: Proposed,79.33118452860596,0.7931229455737803,,,,16.0,nonlinear,0,0.8,-0.02395529651741333
1,Majority Class (reference),0: Reference,49.979863068868305,0.3332438238453276,,,,,nonlinear,0,1.0,-0.02395529651741333
1,Logistic Regression,A: Traditional ML,68.10310108739428,0.6810222672064777,,,,,nonlinear,0,1.0,-0.02395529651741333
1,Static MLP Only,B: Single-Branch Deep,80.46717680225534,0.8046393203407056,,,,18.0,nonlinear,0,1.0,-0.02395529651741333
1,Standalone LSTM,B: Single-Branch Deep,54.57108336689489,0.5434947582537943,,,,1.0,nonlinear,0,1.0,-0.02395529651741333
1,Proposed: MLP + Causal TCN + LSTM,D: Proposed,80.82964156262585,0.8082334295594022,,,,11.0,nonlinear,0,1.0,-0.02395529651741333
2,Majority Class (reference),0: Reference,50.0,0.3333333333333333,,,,,nonlinear,0,1.0,-0.02395529651741333
2,Logistic Regression,A: Traditional ML,69.66156325543916,0.6962759824390767,,,,,nonlinear,0,1.0,-0.02395529651741333
2,Static MLP Only,B: Single-Branch Deep,80.7413376309428,0.8072326351179648,,,,15.0,nonlinear,0,1.0,-0.02395529651741333
2,Standalone LSTM,B: Single-Branch Deep,55.03626107977438,0.5497966706649893,,,,2.0,nonlinear,0,1.0,-0.02395529651741333
2,Proposed: MLP + Causal TCN + LSTM,D: Proposed,82.07091055600321,0.8206273147527858,,,,15.0,nonlinear,0,1.0,-0.02395529651741333
3,Majority Class (reference),0: Reference,50.0,0.3333333333333333,,,,,nonlinear,0,1.0,-0.02395529651741333
3,Logistic Regression,A: Traditional ML,69.01692183722804,0.6900484140512961,,,,,nonlinear,0,1.0,-0.02395529651741333
3,Static MLP Only,B: Single-Branch Deep,80.7413376309428,0.8072687103010219,,,,16.0,nonlinear,0,1.0,-0.02395529651741333
3,Standalone LSTM,B: Single-Branch Deep,51.69218372280419,0.5167334830266634,,,,1.0,nonlinear,0,1.0,-0.02395529651741333
3,Proposed: MLP + Causal TCN + LSTM,D: Proposed,80.49959709911361,0.8049745699754272,,,,10.0,nonlinear,0,1.0,-0.02395529651741333
4,Majority Class (reference),0: Reference,50.0,0.3333333333333333,,,,,nonlinear,0,1.0,-0.02395529651741333
4,Logistic Regression,A: Traditional ML,68.33199033037872,0.683314762580062,,,,,nonlinear,0,1.0,-0.02395529651741333
4,Static MLP Only,B: Single-Branch Deep,81.62771958098308,0.8161624824575082,,,,14.0,nonlinear,0,1.0,-0.02395529651741333
4,Standalone LSTM,B: Single-Branch Deep,55.31829170024174,0.5524417966925215,,,,5.0,nonlinear,0,1.0,-0.02395529651741333
4,Proposed: MLP + Causal TCN + LSTM,D: Proposed,81.66800966962128,0.816651494643196,,,,11.0,nonlinear,0,1.0,-0.02395529651741333
5,Majority Class (reference),0: Reference,50.0,0.3333333333333333,,,,,nonlinear,0,1.0,-0.02395529651741333
5,Logistic Regression,A: Traditional ML,69.86301369863014,0.6986105672732326,,,,,nonlinear,0,1.0,-0.02395529651741333
5,Static MLP Only,B: Single-Branch Deep,81.5068493150685,0.8150634196704466,,,,9.0,nonlinear,0,1.0,-0.02395529651741333
5,Standalone LSTM,B: Single-Branch Deep,55.15713134568896,0.5495807258288183,,,,9.0,nonlinear,0,1.0,-0.02395529651741333
5,Proposed: MLP + Causal TCN + LSTM,D: Proposed,82.79613215149072,0.8278996088900581,,,,13.0,nonlinear,0,1.0,-0.02395529651741333
1,Majority Class (reference),0: Reference,49.979863068868305,0.3332438238453276,,,,,nonlinear,1,0.0,0.008161375595617311
1,Logistic Regression,A: Traditional ML,55.61820378574305,0.5561612327656124,,,,,nonlinear,1,0.0,0.008161375595617311
1,Static MLP Only,B: Single-Branch Deep,52.03383004430124,0.5203370556340328,,,,4.0,nonlinear,1,0.0,0.008161375595617311
1,Standalone LSTM,B: Single-Branch Deep,75.27184857027788,0.7523710985212714,,,,25.0,nonlinear,1,0.0,0.008161375595617311
1,Proposed: MLP + Causal TCN + LSTM,D: Proposed,73.8622633910592,0.7379900998389537,,,,4.0,nonlinear,1,0.0,0.008161375595617311
2,Majority Class (reference),0: Reference,50.0,0.3333333333333333,,,,,nonlinear,1,0.0,0.008161375595617311
2,Logistic Regression,A: Traditional ML,57.37308622078968,0.5735436743417099,,,,,nonlinear,1,0.0,0.008161375595617311
2,Static MLP Only,B: Single-Branch Deep,52.65914585012087,0.5243336291483902,,,,1.0,nonlinear,1,0.0,0.008161375595617311
2,Standalone LSTM,B: Single-Branch Deep,75.26188557614827,0.7526027918526268,,,,28.0,nonlinear,1,0.0,0.008161375595617311
2,Proposed: MLP + Causal TCN + LSTM,D: Proposed,74.73811442385173,0.746799100511978,,,,3.0,nonlinear,1,0.0,0.008161375595617311
3,Majority Class (reference),0: Reference,50.0,0.3333333333333333,,,,,nonlinear,1,0.0,0.008161375595617311
3,Logistic Regression,A: Traditional ML,55.116841257050766,0.5511611266083831,,,,,nonlinear,1,0.0,0.008161375595617311
3,Static MLP Only,B: Single-Branch Deep,51.00725221595488,0.5100009351523779,,,,6.0,nonlinear,1,0.0,0.008161375595617311
3,Standalone LSTM,B: Single-Branch Deep,73.3279613215149,0.7330908802644849,,,,11.0,nonlinear,1,0.0,0.008161375595617311
3,Proposed: MLP + Causal TCN + LSTM,D: Proposed,73.85173247381144,0.738149690937834,,,,7.0,nonlinear,1,0.0,0.008161375595617311
4,Majority Class (reference),0: Reference,50.0,0.3333333333333333,,,,,nonlinear,1,0.0,0.008161375595617311
4,Logistic Regression,A: Traditional ML,55.47945205479452,0.5547857757284946,,,,,nonlinear,1,0.0,0.008161375595617311
4,Static MLP Only,B: Single-Branch Deep,53.102336825141016,0.5306710853355427,,,,1.0,nonlinear,1,0.0,0.008161375595617311
4,Standalone LSTM,B: Single-Branch Deep,73.3279613215149,0.7332352702417482,,,,4.0,nonlinear,1,0.0,0.008161375595617311
4,Proposed: MLP + Causal TCN + LSTM,D: Proposed,73.93231265108783,0.7389406692797733,,,,6.0,nonlinear,1,0.0,0.008161375595617311
5,Majority Class (reference),0: Reference,50.0,0.3333333333333333,,,,,nonlinear,1,0.0,0.008161375595617311
5,Logistic Regression,A: Traditional ML,55.23771152296535,0.5521065756554385,,,,,nonlinear,1,0.0,0.008161375595617311
5,Static MLP Only,B: Single-Branch Deep,52.94117647058824,0.5288194546027845,,,,3.0,nonlinear,1,0.0,0.008161375595617311
5,Standalone LSTM,B: Single-Branch Deep,73.85173247381144,0.7385138865463587,,,,7.0,nonlinear,1,0.0,0.008161375595617311
5,Proposed: MLP + Causal TCN + LSTM,D: Proposed,72.96535052377115,0.7295565282558055,,,,4.0,nonlinear,1,0.0,0.008161375595617311
1,Majority Class (reference),0: Reference,49.979863068868305,0.3332438238453276,,,,,nonlinear,1,0.2,0.008161375595617311
1,Logistic Regression,A: Traditional ML,66.77406363270238,0.6677095916711775,,,,,nonlinear,1,0.2,0.008161375595617311
1,Static MLP Only,B: Single-Branch Deep,66.73378977043899,0.6672285983530805,,,,6.0,nonlinear,1,0.2,0.008161375595617311
1,Standalone LSTM,B: Single-Branch Deep,68.86830447039871,0.6876901841274428,,,,6.0,nonlinear,1,0.2,0.008161375595617311
1,Proposed: MLP + Causal TCN + LSTM,D: Proposed,76.88280306081353,0.7683651207027242,,,,16.0,nonlinear,1,0.2,0.008161375595617311
2,Majority Class (reference),0: Reference,50.0,0.3333333333333333,,,,,nonlinear,1,0.2,0.008161375595617311
2,Logistic Regression,A: Traditional ML,67.32473811442385,0.6732282320526926,,,,,nonlinear,1,0.2,0.008161375595617311
2,Static MLP Only,B: Single-Branch Deep,66.0354552780016,0.6603478813928697,,,,6.0,nonlinear,1,0.2,0.008161375595617311
2,Standalone LSTM,B: Single-Branch Deep,68.5737308622079,0.6856556650371084,,,,18.0,nonlinear,1,0.2,0.008161375595617311
2,Proposed: MLP + Causal TCN + LSTM,D: Proposed,76.6720386784851,0.7664334107241391,,,,8.0,nonlinear,1,0.2,0.008161375595617311
3,Majority Class (reference),0: Reference,50.0,0.3333333333333333,,,,,nonlinear,1,0.2,0.008161375595617311
3,Logistic Regression,A: Traditional ML,66.19661563255438,0.6619538095085808,,,,,nonlinear,1,0.2,0.008161375595617311
3,Static MLP Only,B: Single-Branch Deep,65.39081385979048,0.6533787249539296,,,,4.0,nonlinear,1,0.2,0.008161375595617311
3,Standalone LSTM,B: Single-Branch Deep,70.1047542304593,0.7005614663552684,,,,27.0,nonlinear,1,0.2,0.008161375595617311
3,Proposed: MLP + Causal TCN + LSTM,D: Proposed,77.11522965350524,0.7710357390419134,,,,8.0,nonlinear,1,0.2,0.008161375595617311
4,Majority Class (reference),0: Reference,50.0,0.3333333333333333,,,,,nonlinear,1,0.2,0.008161375595617311
4,Logistic Regression,A: Traditional ML,67.16357775987107,0.6715909435905578,,,,,nonlinear,1,0.2,0.008161375595617311
4,Static MLP Only,B: Single-Branch Deep,65.51168412570507,0.6551087792889169,,,,3.0,nonlinear,1,0.2,0.008161375595617311
4,Standalone LSTM,B: Single-Branch Deep,69.09750201450443,0.6904209731873503,,,,22.0,nonlinear,1,0.2,0.008161375595617311
4,Proposed: MLP + Causal TCN + LSTM,D: Proposed,78.2030620467365,0.7820305850845808,,,,6.0,nonlinear,1,0.2,0.008161375595617311
5,Majority Class (reference),0: Reference,50.0,0.3333333333333333,,,,,nonlinear,1,0.2,0.008161375595617311
5,Logistic Regression,A: Traditional ML,66.9621273166801,0.6696038961038961,,,,,nonlinear,1,0.2,0.008161375595617311
5,Static MLP Only,B: Single-Branch Deep,65.02820306204674,0.6502709034617462,,,,4.0,nonlinear,1,0.2,0.008161375595617311
5,Standalone LSTM,B: Single-Branch Deep,69.66156325543916,0.6965939125791838,,,,12.0,nonlinear,1,0.2,0.008161375595617311
5,Proposed: MLP + Causal TCN + LSTM,D: Proposed,76.6720386784851,0.7665884934860285,,,,3.0,nonlinear,1,0.2,0.008161375595617311
1,Majority Class (reference),0: Reference,49.979863068868305,0.3332438238453276,,,,,nonlinear,1,0.4,0.008161375595617311
1,Logistic Regression,A: Traditional ML,70.19734192509061,0.7018754997352052,,,,,nonlinear,1,0.4,0.008161375595617311
1,Static MLP Only,B: Single-Branch Deep,70.80144985904148,0.7078763327049499,,,,4.0,nonlinear,1,0.4,0.008161375595617311
1,Standalone LSTM,B: Single-Branch Deep,65.20338300443012,0.6491529215669087,,,,8.0,nonlinear,1,0.4,0.008161375595617311
1,Proposed: MLP + Causal TCN + LSTM,D: Proposed,79.90334273056786,0.7987920543601521,,,,4.0,nonlinear,1,0.4,0.008161375595617311
2,Majority Class (reference),0: Reference,50.0,0.3333333333333333,,,,,nonlinear,1,0.4,0.008161375595617311
2,Logistic Regression,A: Traditional ML,71.99838839645447,0.7199827475906608,,,,,nonlinear,1,0.4,0.008161375595617311
2,Static MLP Only,B: Single-Branch Deep,72.32070910556003,0.7226321683986561,,,,4.0,nonlinear,1,0.4,0.008161375595617311
2,Standalone LSTM,B: Single-Branch Deep,65.59226430298146,0.654886460513059,,,,11.0,nonlinear,1,0.4,0.008161375595617311
2,Proposed: MLP + Causal TCN + LSTM,D: Proposed,79.97582594681708,0.7995119259583715,,,,8.0,nonlinear,1,0.4,0.008161375595617311
3,Majority Class (reference),0: Reference,50.0,0.3333333333333333,,,,,nonlinear,1,0.4,0.008161375595617311
3,Logistic Regression,A: Traditional ML,72.40128928283642,0.7239802292196159,,,,,nonlinear,1,0.4,0.008161375595617311
3,Static MLP Only,B: Single-Branch Deep,71.07171635777598,0.7105480122220844,,,,12.0,nonlinear,1,0.4,0.008161375595617311
3,Standalone LSTM,B: Single-Branch Deep,64.26269137792103,0.6412992668214847,,,,7.0,nonlinear,1,0.4,0.008161375595617311
3,Proposed: MLP + Causal TCN + LSTM,D: Proposed,81.4665592264303,0.8146347799262903,,,,6.0,nonlinear,1,0.4,0.008161375595617311
4,Majority Class (reference),0: Reference,50.0,0.3333333333333333,,,,,nonlinear,1,0.4,0.008161375595617311
4,Logistic Regression,A: Traditional ML,73.4488315874295,0.7344727557616824,,,,,nonlinear,1,0.4,0.008161375595617311
4,Static MLP Only,B: Single-Branch Deep,72.522159548751,0.725002859266884,,,,6.0,nonlinear,1,0.4,0.008161375595617311
4,Standalone LSTM,B: Single-Branch Deep,65.47139403706687,0.6543085037312093,,,,4.0,nonlinear,1,0.4,0.008161375595617311
4,Proposed: MLP + Causal TCN + LSTM,D: Proposed,80.94278807413376,0.8094167124055778,,,,6.0,nonlinear,1,0.4,0.008161375595617311
5,Majority Class (reference),0: Reference,50.0,0.3333333333333333,,,,,nonlinear,1,0.4,0.008161375595617311
5,Logistic Regression,A: Traditional ML,70.1853344077357,0.7018485042102365,,,,,nonlinear,1,0.4,0.008161375595617311
5,Static MLP Only,B: Single-Branch Deep,72.6027397260274,0.7260209928930648,,,,9.0,nonlinear,1,0.4,0.008161375595617311
5,Standalone LSTM,B: Single-Branch Deep,65.87429492344883,0.6587424506701363,,,,15.0,nonlinear,1,0.4,0.008161375595617311
5,Proposed: MLP + Causal TCN + LSTM,D: Proposed,80.17727639000806,0.801692286106261,,,,13.0,nonlinear,1,0.4,0.008161375595617311
1,Majority Class (reference),0: Reference,49.979863068868305,0.3332438238453276,,,,,nonlinear,1,0.5,0.008161375595617311
1,Logistic Regression,A: Traditional ML,71.44583165525574,0.714427004582445,,,,,nonlinear,1,0.5,0.008161375595617311
1,Static MLP Only,B: Single-Branch Deep,73.3789770438985,0.7336983725752952,,,,9.0,nonlinear,1,0.5,0.008161375595617311
1,Standalone LSTM,B: Single-Branch Deep,65.56584776480065,0.655654903105726,,,,14.0,nonlinear,1,0.5,0.008161375595617311
1,Proposed: MLP + Causal TCN + LSTM,D: Proposed,79.62142569472412,0.7957913180290352,,,,10.0,nonlinear,1,0.5,0.008161375595617311
2,Majority Class (reference),0: Reference,50.0,0.3333333333333333,,,,,nonlinear,1,0.5,0.008161375595617311
2,Logistic Regression,A: Traditional ML,73.69057211925866,0.7368533936538445,,,,,nonlinear,1,0.5,0.008161375595617311
2,Static MLP Only,B: Single-Branch Deep,73.60999194198227,0.736013142590186,,,,11.0,nonlinear,1,0.5,0.008161375595617311
2,Standalone LSTM,B: Single-Branch Deep,63.05398871877518,0.6303583762945408,,,,14.0,nonlinear,1,0.5,0.008161375595617311
2,Proposed: MLP + Causal TCN + LSTM,D: Proposed,80.90249798549557,0.8089133116897882,,,,8.0,nonlinear,1,0.5,0.008161375595617311
3,Majority Class (reference),0: Reference,50.0,0.3333333333333333,,,,,nonlinear,1,0.5,0.008161375595617311
3,Logistic Regression,A: Traditional ML,70.30620467365029,0.7030269035545357,,,,,nonlinear,1,0.5,0.008161375595617311
3,Static MLP Only,B: Single-Branch Deep,73.3682514101531,0.7336790123376626,,,,10.0,nonlinear,1,0.5,0.008161375595617311
3,Standalone LSTM,B: Single-Branch Deep,64.26269137792103,0.6419614970218129,,,,12.0,nonlinear,1,0.5,0.008161375595617311
3,Proposed: MLP + Causal TCN + LSTM,D: Proposed,80.7010475423046,0.806861208308647,,,,12.0,nonlinear,1,0.5,0.008161375595617311
4,Majority Class (reference),0: Reference,50.0,0.3333333333333333,,,,,nonlinear,1,0.5,0.008161375595617311
4,Logistic Regression,A: Traditional ML,72.76390008058019,0.7276176004571547,,,,,nonlinear,1,0.5,0.008161375595617311
4,Static MLP Only,B: Single-Branch Deep,74.29492344883158,0.7427782076947118,,,,6.0,nonlinear,1,0.5,0.008161375595617311
4,Standalone LSTM,B: Single-Branch Deep,63.85979049153908,0.6384790670280869,,,,14.0,nonlinear,1,0.5,0.008161375595617311
4,Proposed: MLP + Causal TCN + LSTM,D: Proposed,80.86220789685737,0.8086168286349937,,,,13.0,nonlinear,1,0.5,0.008161375595617311
5,Majority Class (reference),0: Reference,50.0,0.3333333333333333,,,,,nonlinear,1,0.5,0.008161375595617311
5,Logistic Regression,A: Traditional ML,71.31345688960515,0.7130673109396514,,,,,nonlinear,1,0.5,0.008161375595617311
5,Static MLP Only,B: Single-Branch Deep,74.53666398066076,0.7453625062984723,,,,9.0,nonlinear,1,0.5,0.008161375595617311
5,Standalone LSTM,B: Single-Branch Deep,64.06124093473005,0.6398526319077167,,,,8.0,nonlinear,1,0.5,0.008161375595617311
5,Proposed: MLP + Causal TCN + LSTM,D: Proposed,80.21756647864625,0.8020226582036445,,,,10.0,nonlinear,1,0.5,0.008161375595617311
1,Majority Class (reference),0: Reference,49.979863068868305,0.3332438238453276,,,,,nonlinear,1,0.6,0.008161375595617311
1,Logistic Regression,A: Traditional ML,73.90253725332259,0.739024991565671,,,,,nonlinear,1,0.6,0.008161375595617311
1,Static MLP Only,B: Single-Branch Deep,75.55376560612163,0.755529884139623,,,,12.0,nonlinear,1,0.6,0.008161375595617311
1,Standalone LSTM,B: Single-Branch Deep,63.06886830447039,0.6306877246149521,,,,7.0,nonlinear,1,0.6,0.008161375595617311
1,Proposed: MLP + Causal TCN + LSTM,D: Proposed,80.58799838904551,0.8056522309608993,,,,7.0,nonlinear,1,0.6,0.008161375595617311
2,Majority Class (reference),0: Reference,50.0,0.3333333333333333,,,,,nonlinear,1,0.6,0.008161375595617311
2,Logistic Regression,A: Traditional ML,74.33521353746978,0.7433450944010338,,,,,nonlinear,1,0.6,0.008161375595617311
2,Static MLP Only,B: Single-Branch Deep,75.7856567284448,0.7577967666769014,,,,7.0,nonlinear,1,0.6,0.008161375595617311
2,Standalone LSTM,B: Single-Branch Deep,64.4238517324738,0.6394850618488036,,,,16.0,nonlinear,1,0.6,0.008161375595617311
2,Proposed: MLP + Causal TCN + LSTM,D: Proposed,82.27236099919419,0.8227231495568079,,,,16.0,nonlinear,1,0.6,0.008161375595617311
3,Majority Class (reference),0: Reference,50.0,0.3333333333333333,,,,,nonlinear,1,0.6,0.008161375595617311
3,Logistic Regression,A: Traditional ML,74.41579371474617,0.744156898877798,,,,,nonlinear,1,0.6,0.008161375595617311
3,Static MLP Only,B: Single-Branch Deep,75.58420628525383,0.7557507120795321,,,,6.0,nonlinear,1,0.6,0.008161375595617311
3,Standalone LSTM,B: Single-Branch Deep,61.84528605962933,0.6164579866824036,,,,8.0,nonlinear,1,0.6,0.008161375595617311
3,Proposed: MLP + Causal TCN + LSTM,D: Proposed,81.22481869460113,0.8122422131488176,,,,3.0,nonlinear,1,0.6,0.008161375595617311
4,Majority Class (reference),0: Reference,50.0,0.3333333333333333,,,,,nonlinear,1,0.6,0.008161375595617311
4,Logistic Regression,A: Traditional ML,73.16680096696213,0.7316678354371202,,,,,nonlinear,1,0.6,0.008161375595617311
4,Static MLP Only,B: Single-Branch Deep,75.70507655116842,0.7569636163014168,,,,5.0,nonlinear,1,0.6,0.008161375595617311
4,Standalone LSTM,B: Single-Branch Deep,62.77195809830781,0.6270647993302878,,,,5.0,nonlinear,1,0.6,0.008161375595617311
4,Proposed: MLP + Causal TCN + LSTM,D: Proposed,81.14423851732474,0.8114345490991333,,,,14.0,nonlinear,1,0.6,0.008161375595617311
5,Majority Class (reference),0: Reference,50.0,0.3333333333333333,,,,,nonlinear,1,0.6,0.008161375595617311
5,Logistic Regression,A: Traditional ML,72.92506043513296,0.7291406834622101,,,,,nonlinear,1,0.6,0.008161375595617311
5,Static MLP Only,B: Single-Branch Deep,75.94681708299758,0.7594147059038424,,,,5.0,nonlinear,1,0.6,0.008161375595617311
5,Standalone LSTM,B: Single-Branch Deep,61.88557614826753,0.6170165428643197,,,,14.0,nonlinear,1,0.6,0.008161375595617311
5,Proposed: MLP + Causal TCN + LSTM,D: Proposed,80.66075745366639,0.8065863503888534,,,,11.0,nonlinear,1,0.6,0.008161375595617311
1,Majority Class (reference),0: Reference,49.979863068868305,0.3332438238453276,,,,,nonlinear,1,0.8,0.008161375595617311
1,Logistic Regression,A: Traditional ML,76.52033830044302,0.7652032306697907,,,,,nonlinear,1,0.8,0.008161375595617311
1,Static MLP Only,B: Single-Branch Deep,80.02416431735804,0.8002273535373459,,,,9.0,nonlinear,1,0.8,0.008161375595617311
1,Standalone LSTM,B: Single-Branch Deep,60.53161498187676,0.605315573664132,,,,13.0,nonlinear,1,0.8,0.008161375595617311
1,Proposed: MLP + Causal TCN + LSTM,D: Proposed,81.75594039468385,0.8175120451404995,,,,9.0,nonlinear,1,0.8,0.008161375595617311
2,Majority Class (reference),0: Reference,50.0,0.3333333333333333,,,,,nonlinear,1,0.8,0.008161375595617311
2,Logistic Regression,A: Traditional ML,75.42304593070105,0.7542175324675324,,,,,nonlinear,1,0.8,0.008161375595617311
2,Static MLP Only,B: Single-Branch Deep,79.0894439967768,0.7908916904738985,,,,7.0,nonlinear,1,0.8,0.008161375595617311
2,Standalone LSTM,B: Single-Branch Deep,58.50120870265915,0.5848932217921072,,,,18.0,nonlinear,1,0.8,0.008161375595617311
2,Proposed: MLP + Causal TCN + LSTM,D: Proposed,81.10394842868655,0.8109717015677687,,,,11.0,nonlinear,1,0.8,0.008161375595617311
3,Majority Class (reference),0: Reference,50.0,0.3333333333333333,,,,,nonlinear,1,0.8,0.008161375595617311
3,Logistic Regression,A: Traditional ML,76.02739726027397,0.7602147690062502,,,,,nonlinear,1,0.8,0.008161375595617311
3,Static MLP Only,B: Single-Branch Deep,79.17002417405318,0.79169452716693,,,,8.0,nonlinear,1,0.8,0.008161375595617311
3,Standalone LSTM,B: Single-Branch Deep,60.23368251410153,0.6020639044303868,,,,9.0,nonlinear,1,0.8,0.008161375595617311
3,Proposed: MLP + Causal TCN + LSTM,D: Proposed,81.66800966962128,0.8166776862536105,,,,5.0,nonlinear,1,0.8,0.008161375595617311
4,Majority Class (reference),0: Reference,50.0,0.3333333333333333,,,,,nonlinear,1,0.8,0.008161375595617311
4,Logistic Regression,A: Traditional ML,75.54391619661564,0.7554302292868995,,,,,nonlinear,1,0.8,0.008161375595617311
4,Static MLP Only,B: Single-Branch Deep,78.08219178082192,0.780785478869352,,,,14.0,nonlinear,1,0.8,0.008161375595617311
4,Standalone LSTM,B: Single-Branch Deep,58.783239323126516,0.5871755946608117,,,,9.0,nonlinear,1,0.8,0.008161375595617311
4,Proposed: MLP + Causal TCN + LSTM,D: Proposed,82.43352135374697,0.8242982496588748,,,,11.0,nonlinear,1,0.8,0.008161375595617311
5,Majority Class (reference),0: Reference,50.0,0.3333333333333333,,,,,nonlinear,1,0.8,0.008161375595617311
5,Logistic Regression,A: Traditional ML,75.70507655116842,0.7570220119991655,,,,,nonlinear,1,0.8,0.008161375595617311
5,Static MLP Only,B: Single-Branch Deep,80.21756647864625,0.8021684391760587,,,,17.0,nonlinear,1,0.8,0.008161375595617311
5,Standalone LSTM,B: Single-Branch Deep,59.30701047542305,0.5926254550182007,,,,14.0,nonlinear,1,0.8,0.008161375595617311
5,Proposed: MLP + Causal TCN + LSTM,D: Proposed,81.95004029008864,0.8190774894059868,,,,12.0,nonlinear,1,0.8,0.008161375595617311
1,Majority Class (reference),0: Reference,49.979863068868305,0.3332438238453276,,,,,nonlinear,1,1.0,0.008161375595617311
1,Logistic Regression,A: Traditional ML,78.61457913813935,0.7861407963640759,,,,,nonlinear,1,1.0,0.008161375595617311
1,Static MLP Only,B: Single-Branch Deep,82.40032219089811,0.823980838688589,,,,10.0,nonlinear,1,1.0,0.008161375595617311
1,Standalone LSTM,B: Single-Branch Deep,55.09464357631897,0.5495143018138405,,,,13.0,nonlinear,1,1.0,0.008161375595617311
1,Proposed: MLP + Causal TCN + LSTM,D: Proposed,82.56141763995167,0.825613158129926,,,,18.0,nonlinear,1,1.0,0.008161375595617311
2,Majority Class (reference),0: Reference,50.0,0.3333333333333333,,,,,nonlinear,1,1.0,0.008161375595617311
2,Logistic Regression,A: Traditional ML,77.55842062852538,0.7754967056262314,,,,,nonlinear,1,1.0,0.008161375595617311
2,Static MLP Only,B: Single-Branch Deep,82.63497179693795,0.8263474346710025,,,,8.0,nonlinear,1,1.0,0.008161375595617311
2,Standalone LSTM,B: Single-Branch Deep,54.23045930701047,0.5422971632200387,,,,23.0,nonlinear,1,1.0,0.008161375595617311
2,Proposed: MLP + Causal TCN + LSTM,D: Proposed,82.55439161966156,0.8254865507504588,,,,10.0,nonlinear,1,1.0,0.008161375595617311
3,Majority Class (reference),0: Reference,50.0,0.3333333333333333,,,,,nonlinear,1,1.0,0.008161375595617311
3,Logistic Regression,A: Traditional ML,77.71958098307816,0.7771694405232812,,,,,nonlinear,1,1.0,0.008161375595617311
3,Static MLP Only,B: Single-Branch Deep,82.43352135374697,0.8243060087997012,,,,7.0,nonlinear,1,1.0,0.008161375595617311
3,Standalone LSTM,B: Single-Branch Deep,54.63336019339242,0.5410623545052785,,,,1.0,nonlinear,1,1.0,0.008161375595617311
3,Proposed: MLP + Causal TCN + LSTM,D: Proposed,82.55439161966156,0.8255438878773078,,,,16.0,nonlinear,1,1.0,0.008161375595617311
4,Majority Class (reference),0: Reference,50.0,0.3333333333333333,,,,,nonlinear,1,1.0,0.008161375595617311
4,Logistic Regression,A: Traditional ML,78.00161160354553,0.779887485617351,,,,,nonlinear,1,1.0,0.008161375595617311
4,Static MLP Only,B: Single-Branch Deep,84.04512489927478,0.8402411875770452,,,,8.0,nonlinear,1,1.0,0.008161375595617311
4,Standalone LSTM,B: Single-Branch Deep,54.87510072522159,0.5483495286967282,,,,10.0,nonlinear,1,1.0,0.008161375595617311
4,Proposed: MLP + Causal TCN + LSTM,D: Proposed,83.68251410153103,0.8367199422385486,,,,6.0,nonlinear,1,1.0,0.008161375595617311
5,Majority Class (reference),0: Reference,50.0,0.3333333333333333,,,,,nonlinear,1,1.0,0.008161375595617311
5,Logistic Regression,A: Traditional ML,77.80016116035455,0.7779857182352328,,,,,nonlinear,1,1.0,0.008161375595617311
5,Static MLP Only,B: Single-Branch Deep,83.23932312651088,0.8322817153620692,,,,10.0,nonlinear,1,1.0,0.008161375595617311
5,Standalone LSTM,B: Single-Branch Deep,55.519742143432715,0.5535668666941248,,,,9.0,nonlinear,1,1.0,0.008161375595617311
5,Proposed: MLP + Causal TCN + LSTM,D: Proposed,81.82917002417406,0.8182893109898424,,,,5.0,nonlinear,1,1.0,0.008161375595617311
