Form,Alpha (background share),Majority Class (reference) Macro-F1,Logistic Regression Macro-F1,Static MLP Only Macro-F1,Standalone LSTM Macro-F1,Proposed: MLP + Causal TCN + LSTM Macro-F1,Fusion gain over best single branch,Gain 95% CI,p (gain),Proposed minus Logistic Regression,p (vs LR),Folds
linear,0.0,0.3333,0.8497,0.6374,0.8511,0.8475,-0.0036,-0.0066 to -0.0006,0.0238,-0.0023,0.0651,10
linear,0.2,0.3333,0.8544,0.6892,0.7996,0.8477,0.0481,0.0388 to 0.0575,9.88e-07,-0.0067,0.000491,10
linear,0.4,0.3333,0.856,0.7308,0.7525,0.8471,0.0939,0.0807 to 0.1071,6e-08,-0.0089,0.000165,10
linear,0.5,0.3333,0.8567,0.7547,0.7293,0.8485,0.0938,0.0867 to 0.1009,2.51e-10,-0.0083,0.000268,10
linear,0.6,0.3333,0.8564,0.7684,0.7074,0.8478,0.0794,0.0711 to 0.0876,4.34e-09,-0.0086,9.75e-06,10
linear,0.8,0.3333,0.8526,0.8051,0.6534,0.8451,0.04,0.0320 to 0.0479,1.21e-06,-0.0075,7.87e-05,10
linear,1.0,0.3333,0.8448,0.837,0.5514,0.838,0.0011,-0.0018 to 0.0039,0.424,-0.0068,0.000127,10
nonlinear,0.0,0.3333,0.615,0.5189,0.7421,0.7365,-0.0056,-0.0118 to 0.0006,0.0713,0.1215,0.000174,10
nonlinear,0.2,0.3333,0.6824,0.643,0.6952,0.773,0.0778,0.0728 to 0.0828,6.05e-11,0.0906,1.9e-08,10
nonlinear,0.4,0.3333,0.7055,0.7028,0.6581,0.8006,0.0978,0.0869 to 0.1087,7.95e-09,0.0951,2.18e-09,10
nonlinear,0.5,0.3333,0.7064,0.725,0.6405,0.802,0.077,0.0675 to 0.0865,1.95e-08,0.0956,4.29e-09,10
nonlinear,0.6,0.3333,0.7152,0.7443,0.6248,0.8084,0.064,0.0551 to 0.0730,5.84e-08,0.0932,2.07e-07,10
nonlinear,0.8,0.3333,0.726,0.78,0.5921,0.8123,0.0323,0.0231 to 0.0415,2.37e-05,0.0863,6.45e-06,10
nonlinear,1.0,0.3333,0.7346,0.8198,0.5447,0.821,0.0013,-0.0044 to 0.0069,0.628,0.0864,0.000112,10
