Fold,Model,Category,Saber Pro top quartile Top-1 Acc (%),Saber Pro top quartile Macro-F1,Granular Top-1 Acc (%),Granular Top-3 Acc (%),Granular Macro-F1,Epochs,Repeat
1,Majority Class (reference),0: Reference,50.90616190092629,0.337336535895383,,,,,1
1,Logistic Regression,A: Traditional ML,80.06443817962142,0.8006287303491351,,,,,1
1,Random Forest,A: Traditional ML,79.37978252114378,0.7937830746191958,,,,,1
1,HistGradientBoosting,A: Traditional ML,79.7422472815143,0.7973967090626093,,,,,1
1,Static MLP Only,B: Single-Branch Deep,62.90777285541683,0.6272892846054365,,,,3.0,1
1,Standalone LSTM,B: Single-Branch Deep,80.34635521546517,0.8034436264490652,,,,3.0,1
1,Hybrid 1: MLP + CNN + LSTM,C: Hybrid Baseline,80.06443817962142,0.8005873262459389,,,,2.0,1
1,Hybrid 2: MLP + BiLSTM,C: Hybrid Baseline,79.7019734192509,0.7970189111123223,,,,2.0,1
1,Hybrid 3: MLP + GRU,C: Hybrid Baseline,80.30608135320178,0.8030608135320177,,,,2.0,1
1,Hybrid 4: MLP + Transformer,C: Hybrid Baseline,78.45348368908577,0.7844608613128334,,,,10.0,1
1,Proposed: MLP + Causal TCN + LSTM,D: Proposed,79.78252114377769,0.7978157339821573,,,,2.0,1
2,Majority Class (reference),0: Reference,50.92667203867849,0.3374265883609183,,,,,1
2,Logistic Regression,A: Traditional ML,79.61321514907333,0.7960129445464827,,,,,1
2,Random Forest,A: Traditional ML,79.0491539081386,0.789967303222094,,,,,1
2,HistGradientBoosting,A: Traditional ML,79.37147461724415,0.7933087668894302,,,,,1
2,Static MLP Only,B: Single-Branch Deep,62.93311845286059,0.6290361151400781,,,,5.0,1
2,Standalone LSTM,B: Single-Branch Deep,80.17727639000806,0.8014504601708787,,,,8.0,1
2,Hybrid 1: MLP + CNN + LSTM,C: Hybrid Baseline,80.37872683319904,0.8031519875683236,,,,3.0,1
2,Hybrid 2: MLP + BiLSTM,C: Hybrid Baseline,80.49959709911361,0.8048317341278997,,,,1.0,1
2,Hybrid 3: MLP + GRU,C: Hybrid Baseline,80.33843674456084,0.8027386908484468,,,,3.0,1
2,Hybrid 4: MLP + Transformer,C: Hybrid Baseline,78.96857373086222,0.7892411141881481,,,,7.0,1
2,Proposed: MLP + Causal TCN + LSTM,D: Proposed,80.17727639000806,0.8010654207434487,,,,1.0,1
3,Majority Class (reference),0: Reference,50.886381950040295,0.33724966622162883,,,,,1
3,Logistic Regression,A: Traditional ML,81.38597904915392,0.8138423844611825,,,,,1
3,Random Forest,A: Traditional ML,81.10394842868655,0.8109466504712537,,,,,1
3,HistGradientBoosting,A: Traditional ML,80.41901692183723,0.8040974384026525,,,,,1
3,Static MLP Only,B: Single-Branch Deep,64.14182111200645,0.6410816846338675,,,,4.0,1
3,Standalone LSTM,B: Single-Branch Deep,81.26510878323933,0.8125780397059204,,,,2.0,1
3,Hybrid 1: MLP + CNN + LSTM,C: Hybrid Baseline,81.38597904915392,0.8137509493685278,,,,1.0,1
3,Hybrid 2: MLP + BiLSTM,C: Hybrid Baseline,81.22481869460113,0.8118512628576188,,,,3.0,1
3,Hybrid 3: MLP + GRU,C: Hybrid Baseline,81.5471394037067,0.8154133841518267,,,,1.0,1
3,Hybrid 4: MLP + Transformer,C: Hybrid Baseline,80.7010475423046,0.8069628140403257,,,,7.0,1
3,Proposed: MLP + Causal TCN + LSTM,D: Proposed,81.74858984689767,0.8173827073388098,,,,1.0,1
4,Majority Class (reference),0: Reference,50.886381950040295,0.33724966622162883,,,,,1
4,Logistic Regression,A: Traditional ML,80.90249798549557,0.8089847943539143,,,,,1
4,Random Forest,A: Traditional ML,80.66075745366639,0.8064355122985978,,,,,1
4,HistGradientBoosting,A: Traditional ML,79.53263497179694,0.795144250516016,,,,,1
4,Static MLP Only,B: Single-Branch Deep,61.56325543916197,0.6155326980069249,,,,8.0,1
4,Standalone LSTM,B: Single-Branch Deep,81.66800966962128,0.8163127116235955,,,,9.0,1
4,Hybrid 1: MLP + CNN + LSTM,C: Hybrid Baseline,81.34568896051572,0.8132480476351827,,,,2.0,1
4,Hybrid 2: MLP + BiLSTM,C: Hybrid Baseline,80.53988718775182,0.8053601671283414,,,,3.0,1
4,Hybrid 3: MLP + GRU,C: Hybrid Baseline,80.86220789685737,0.8085646202996684,,,,3.0,1
4,Hybrid 4: MLP + Transformer,C: Hybrid Baseline,79.8146655922643,0.7977984345616016,,,,9.0,1
4,Proposed: MLP + Causal TCN + LSTM,D: Proposed,81.22481869460113,0.8119898697304555,,,,2.0,1
5,Majority Class (reference),0: Reference,50.886381950040295,0.33724966622162883,,,,,1
5,Logistic Regression,A: Traditional ML,81.26510878323933,0.8125378556973708,,,,,1
5,Random Forest,A: Traditional ML,80.53988718775182,0.8051810086561408,,,,,1
5,HistGradientBoosting,A: Traditional ML,80.6204673650282,0.8059980535486986,,,,,1
5,Static MLP Only,B: Single-Branch Deep,63.013698630136986,0.6300408980821353,,,,2.0,1
5,Standalone LSTM,B: Single-Branch Deep,80.86220789685737,0.8085646202996684,,,,12.0,1
5,Hybrid 1: MLP + CNN + LSTM,C: Hybrid Baseline,81.38597904915392,0.8137199668599835,,,,5.0,1
5,Hybrid 2: MLP + BiLSTM,C: Hybrid Baseline,80.7010475423046,0.806967578103753,,,,5.0,1
5,Hybrid 3: MLP + GRU,C: Hybrid Baseline,80.33843674456084,0.8023678989139515,,,,2.0,1
5,Hybrid 4: MLP + Transformer,C: Hybrid Baseline,80.25785656728445,0.8022178248221525,,,,2.0,1
5,Proposed: MLP + Causal TCN + LSTM,D: Proposed,81.30539887187751,0.8129446764220712,,,,5.0,1
1,Majority Class (reference),0: Reference,50.90616190092629,0.337336535895383,,,,,2
1,Logistic Regression,A: Traditional ML,80.66854611357229,0.8066101477099697,,,,,2
1,Random Forest,A: Traditional ML,80.30608135320178,0.8028761364737764,,,,,2
1,HistGradientBoosting,A: Traditional ML,79.33950865888039,0.7931583621470639,,,,,2
1,Static MLP Only,B: Single-Branch Deep,63.43133306484092,0.6336582246065492,,,,2.0,2
1,Standalone LSTM,B: Single-Branch Deep,80.78936770036248,0.8074133731647911,,,,6.0,2
1,Hybrid 1: MLP + CNN + LSTM,C: Hybrid Baseline,80.78936770036248,0.8071518485573648,,,,2.0,2
1,Hybrid 2: MLP + BiLSTM,C: Hybrid Baseline,80.42690293999193,0.8042385155364866,,,,1.0,2
1,Hybrid 3: MLP + GRU,C: Hybrid Baseline,80.74909383809907,0.8071718877130595,,,,3.0,2
1,Hybrid 4: MLP + Transformer,C: Hybrid Baseline,80.30608135320178,0.802778158137486,,,,3.0,2
1,Proposed: MLP + Causal TCN + LSTM,D: Proposed,81.15183246073299,0.8112302384062067,,,,3.0,2
2,Majority Class (reference),0: Reference,50.92667203867849,0.3374265883609183,,,,,2
2,Logistic Regression,A: Traditional ML,81.4262691377921,0.8142539774530502,,,,,2
2,Random Forest,A: Traditional ML,80.86220789685737,0.8085280575135299,,,,,2
2,HistGradientBoosting,A: Traditional ML,81.10394842868655,0.81090979855912,,,,,2
2,Static MLP Only,B: Single-Branch Deep,64.50443190975021,0.6445235388492739,,,,4.0,2
2,Standalone LSTM,B: Single-Branch Deep,81.5471394037067,0.81537057249032,,,,3.0,2
2,Hybrid 1: MLP + CNN + LSTM,C: Hybrid Baseline,81.4665592264303,0.8144630785231409,,,,2.0,2
2,Hybrid 2: MLP + BiLSTM,C: Hybrid Baseline,81.14423851732474,0.8114110369684867,,,,1.0,2
2,Hybrid 3: MLP + GRU,C: Hybrid Baseline,81.58742949234488,0.8156154218160094,,,,2.0,2
2,Hybrid 4: MLP + Transformer,C: Hybrid Baseline,80.49959709911361,0.8049948314104796,,,,7.0,2
2,Proposed: MLP + Causal TCN + LSTM,D: Proposed,81.22481869460113,0.8122242894761622,,,,1.0,2
3,Majority Class (reference),0: Reference,50.886381950040295,0.33724966622162883,,,,,2
3,Logistic Regression,A: Traditional ML,80.94278807413376,0.8094263648944244,,,,,2
3,Random Forest,A: Traditional ML,80.86220789685737,0.8085474599146498,,,,,2
3,HistGradientBoosting,A: Traditional ML,80.17727639000806,0.8016238608119304,,,,,2
3,Static MLP Only,B: Single-Branch Deep,60.59629331184529,0.605684110118831,,,,7.0,2
3,Standalone LSTM,B: Single-Branch Deep,80.82191780821918,0.8081742134933625,,,,6.0,2
3,Hybrid 1: MLP + CNN + LSTM,C: Hybrid Baseline,80.6204673650282,0.8061162660586292,,,,1.0,2
3,Hybrid 2: MLP + BiLSTM,C: Hybrid Baseline,80.98307816277196,0.8098302877063939,,,,2.0,2
3,Hybrid 3: MLP + GRU,C: Hybrid Baseline,80.7413376309428,0.8074122508558041,,,,1.0,2
3,Hybrid 4: MLP + Transformer,C: Hybrid Baseline,79.61321514907333,0.7958267030915406,,,,6.0,2
3,Proposed: MLP + Causal TCN + LSTM,D: Proposed,80.49959709911361,0.8049833082356211,,,,2.0,2
4,Majority Class (reference),0: Reference,50.886381950040295,0.33724966622162883,,,,,2
4,Logistic Regression,A: Traditional ML,80.86220789685737,0.8086150888159427,,,,,2
4,Random Forest,A: Traditional ML,80.05640612409347,0.8004271861125041,,,,,2
4,HistGradientBoosting,A: Traditional ML,79.85495568090249,0.798467770433192,,,,,2
4,Static MLP Only,B: Single-Branch Deep,63.53746978243352,0.6343561126409962,,,,2.0,2
4,Standalone LSTM,B: Single-Branch Deep,81.34568896051572,0.8131946177260665,,,,4.0,2
4,Hybrid 1: MLP + CNN + LSTM,C: Hybrid Baseline,81.10394842868655,0.8110387174388776,,,,3.0,2
4,Hybrid 2: MLP + BiLSTM,C: Hybrid Baseline,80.94278807413376,0.8093050189600828,,,,5.0,2
4,Hybrid 3: MLP + GRU,C: Hybrid Baseline,80.90249798549557,0.8090238638193539,,,,3.0,2
4,Hybrid 4: MLP + Transformer,C: Hybrid Baseline,79.7743755036261,0.7976006373002589,,,,2.0,2
4,Proposed: MLP + Causal TCN + LSTM,D: Proposed,80.82191780821918,0.8082090909090909,,,,3.0,2
5,Majority Class (reference),0: Reference,50.886381950040295,0.33724966622162883,,,,,2
5,Logistic Regression,A: Traditional ML,79.8146655922643,0.7980081217017465,,,,,2
5,Random Forest,A: Traditional ML,79.41176470588235,0.7938027106536182,,,,,2
5,HistGradientBoosting,A: Traditional ML,78.92828364222402,0.7889193239036281,,,,,2
5,Static MLP Only,B: Single-Branch Deep,61.160354552780014,0.6105678115346178,,,,2.0,2
5,Standalone LSTM,B: Single-Branch Deep,79.7743755036261,0.7974654819843104,,,,3.0,2
5,Hybrid 1: MLP + CNN + LSTM,C: Hybrid Baseline,79.61321514907333,0.7958393156257477,,,,3.0,2
5,Hybrid 2: MLP + BiLSTM,C: Hybrid Baseline,79.8146655922643,0.7979994590498283,,,,3.0,2
5,Hybrid 3: MLP + GRU,C: Hybrid Baseline,79.53263497179694,0.7952677249227091,,,,2.0,2
5,Hybrid 4: MLP + Transformer,C: Hybrid Baseline,78.80741337630943,0.7877951127917319,,,,3.0,2
5,Proposed: MLP + Causal TCN + LSTM,D: Proposed,79.33118452860596,0.7930212503098749,,,,3.0,2
1,Majority Class (reference),0: Reference,50.90616190092629,0.337336535895383,,,,,3
1,Logistic Regression,A: Traditional ML,79.98389045509464,0.7998368267175975,,,,,3
1,Random Forest,A: Traditional ML,79.54087797019734,0.7953290729930513,,,,,3
1,HistGradientBoosting,A: Traditional ML,79.37978252114378,0.7936891029594095,,,,,3
1,Static MLP Only,B: Single-Branch Deep,62.666129681836495,0.6266416759868061,,,,9.0,3
1,Standalone LSTM,B: Single-Branch Deep,79.7422472815143,0.7972613417756573,,,,2.0,3
1,Hybrid 1: MLP + CNN + LSTM,C: Hybrid Baseline,80.10471204188482,0.8009980258828691,,,,3.0,3
1,Hybrid 2: MLP + BiLSTM,C: Hybrid Baseline,79.50060410793395,0.794929405150264,,,,3.0,3
1,Hybrid 3: MLP + GRU,C: Hybrid Baseline,79.98389045509464,0.7998342293652461,,,,1.0,3
1,Hybrid 4: MLP + Transformer,C: Hybrid Baseline,79.29923479661699,0.7929678679419132,,,,4.0,3
1,Proposed: MLP + Causal TCN + LSTM,D: Proposed,79.90334273056786,0.7989957387356827,,,,3.0,3
2,Majority Class (reference),0: Reference,50.92667203867849,0.3374265883609183,,,,,3
2,Logistic Regression,A: Traditional ML,80.90249798549557,0.8090125787266207,,,,,3
2,Random Forest,A: Traditional ML,80.6204673650282,0.8061024106414165,,,,,3
2,HistGradientBoosting,A: Traditional ML,80.29814665592264,0.8028544487769143,,,,,3
2,Static MLP Only,B: Single-Branch Deep,63.13456889605157,0.6297879353541005,,,,4.0,3
2,Standalone LSTM,B: Single-Branch Deep,81.22481869460113,0.81209872788617,,,,3.0,3
2,Hybrid 1: MLP + CNN + LSTM,C: Hybrid Baseline,81.06365834004835,0.8101779530839126,,,,3.0,3
2,Hybrid 2: MLP + BiLSTM,C: Hybrid Baseline,80.94278807413376,0.8092970889519484,,,,5.0,3
2,Hybrid 3: MLP + GRU,C: Hybrid Baseline,80.7010475423046,0.8067273270247471,,,,1.0,3
2,Hybrid 4: MLP + Transformer,C: Hybrid Baseline,79.73408541498792,0.7973202911376027,,,,6.0,3
2,Proposed: MLP + Causal TCN + LSTM,D: Proposed,80.66075745366639,0.8066030538068694,,,,2.0,3
3,Majority Class (reference),0: Reference,50.886381950040295,0.33724966622162883,,,,,3
3,Logistic Regression,A: Traditional ML,80.37872683319904,0.8036977579429364,,,,,3
3,Random Forest,A: Traditional ML,80.25785656728445,0.8023186411938187,,,,,3
3,HistGradientBoosting,A: Traditional ML,80.29814665592264,0.8027714099486769,,,,,3
3,Static MLP Only,B: Single-Branch Deep,62.24818694601129,0.6223979554973205,,,,3.0,3
3,Standalone LSTM,B: Single-Branch Deep,80.78162771958098,0.8074975085864136,,,,4.0,3
3,Hybrid 1: MLP + CNN + LSTM,C: Hybrid Baseline,80.41901692183723,0.8027783155097001,,,,2.0,3
3,Hybrid 2: MLP + BiLSTM,C: Hybrid Baseline,80.78162771958098,0.8076923764142906,,,,3.0,3
3,Hybrid 3: MLP + GRU,C: Hybrid Baseline,80.49959709911361,0.8046660769570986,,,,4.0,3
3,Hybrid 4: MLP + Transformer,C: Hybrid Baseline,79.8146655922643,0.7979994590498283,,,,4.0,3
3,Proposed: MLP + Causal TCN + LSTM,D: Proposed,80.01611603545527,0.7984604655274592,,,,2.0,3
4,Majority Class (reference),0: Reference,50.886381950040295,0.33724966622162883,,,,,3
4,Logistic Regression,A: Traditional ML,81.4665592264303,0.8146308072778661,,,,,3
4,Random Forest,A: Traditional ML,81.02336825141016,0.8100869083786487,,,,,3
4,HistGradientBoosting,A: Traditional ML,81.02336825141016,0.8100002356667867,,,,,3
4,Static MLP Only,B: Single-Branch Deep,61.68412570507655,0.6166794121788199,,,,2.0,3
4,Standalone LSTM,B: Single-Branch Deep,81.30539887187751,0.8129952188787066,,,,6.0,3
4,Hybrid 1: MLP + CNN + LSTM,C: Hybrid Baseline,80.94278807413376,0.8093473837650703,,,,4.0,3
4,Hybrid 2: MLP + BiLSTM,C: Hybrid Baseline,81.34568896051572,0.8133899740423814,,,,3.0,3
4,Hybrid 3: MLP + GRU,C: Hybrid Baseline,81.4262691377921,0.8142257495779821,,,,3.0,3
4,Hybrid 4: MLP + Transformer,C: Hybrid Baseline,79.73408541498792,0.7973234498875368,,,,6.0,3
4,Proposed: MLP + Causal TCN + LSTM,D: Proposed,80.78162771958098,0.8077413439563956,,,,6.0,3
5,Majority Class (reference),0: Reference,50.886381950040295,0.33724966622162883,,,,,3
5,Logistic Regression,A: Traditional ML,80.78162771958098,0.8077530824664407,,,,,3
5,Random Forest,A: Traditional ML,79.85495568090249,0.798389193010912,,,,,3
5,HistGradientBoosting,A: Traditional ML,80.53988718775182,0.8052210189320388,,,,,3
5,Static MLP Only,B: Single-Branch Deep,62.73166800966962,0.6271200204642626,,,,10.0,3
5,Standalone LSTM,B: Single-Branch Deep,81.06365834004835,0.8103982394377642,,,,7.0,3
5,Hybrid 1: MLP + CNN + LSTM,C: Hybrid Baseline,79.85495568090249,0.7980290499651067,,,,9.0,3
5,Hybrid 2: MLP + BiLSTM,C: Hybrid Baseline,79.85495568090249,0.7978500761035008,,,,9.0,3
5,Hybrid 3: MLP + GRU,C: Hybrid Baseline,80.33843674456084,0.8026441939510072,,,,4.0,3
5,Hybrid 4: MLP + Transformer,C: Hybrid Baseline,79.8952457695407,0.7988144765053324,,,,7.0,3
5,Proposed: MLP + Causal TCN + LSTM,D: Proposed,80.41901692183723,0.803565182216299,,,,4.0,3
1,Majority Class (reference),0: Reference,50.90616190092629,0.337336535895383,,,,,4
1,Logistic Regression,A: Traditional ML,81.31292790978655,0.8129931177769121,,,,,4
1,Random Forest,A: Traditional ML,79.98389045509464,0.7992887242495554,,,,,4
1,HistGradientBoosting,A: Traditional ML,80.1449859041482,0.8010735135793943,,,,,4
1,Static MLP Only,B: Single-Branch Deep,63.59242851389448,0.6336648788105099,,,,1.0,4
1,Standalone LSTM,B: Single-Branch Deep,79.90334273056786,0.7986937205163054,,,,1.0,4
1,Hybrid 1: MLP + CNN + LSTM,C: Hybrid Baseline,80.6282722513089,0.8058590016991684,,,,5.0,4
1,Hybrid 2: MLP + BiLSTM,C: Hybrid Baseline,80.74909383809907,0.8073821839304308,,,,1.0,4
1,Hybrid 3: MLP + GRU,C: Hybrid Baseline,81.11155859846959,0.810878036620114,,,,2.0,4
1,Hybrid 4: MLP + Transformer,C: Hybrid Baseline,80.26580749093839,0.8024042090711485,,,,10.0,4
1,Proposed: MLP + Causal TCN + LSTM,D: Proposed,80.99073701167941,0.8096843423517521,,,,1.0,4
2,Majority Class (reference),0: Reference,50.92667203867849,0.3374265883609183,,,,,4
2,Logistic Regression,A: Traditional ML,80.82191780821918,0.8082012445963698,,,,,4
2,Random Forest,A: Traditional ML,79.97582594681708,0.7996122378198895,,,,,4
2,HistGradientBoosting,A: Traditional ML,79.93553585817888,0.7991768440097952,,,,,4
2,Static MLP Only,B: Single-Branch Deep,63.17485898468976,0.6277260673213254,,,,3.0,4
2,Standalone LSTM,B: Single-Branch Deep,80.86220789685737,0.8084563837988495,,,,7.0,4
2,Hybrid 1: MLP + CNN + LSTM,C: Hybrid Baseline,80.41901692183723,0.8041896606468377,,,,1.0,4
2,Hybrid 2: MLP + BiLSTM,C: Hybrid Baseline,80.66075745366639,0.8062407093578113,,,,3.0,4
2,Hybrid 3: MLP + GRU,C: Hybrid Baseline,80.49959709911361,0.8045236793459867,,,,3.0,4
2,Hybrid 4: MLP + Transformer,C: Hybrid Baseline,79.57292506043513,0.7956214598652769,,,,6.0,4
2,Proposed: MLP + Causal TCN + LSTM,D: Proposed,80.94278807413376,0.8091482790870677,,,,4.0,4
3,Majority Class (reference),0: Reference,50.886381950040295,0.33724966622162883,,,,,4
3,Logistic Regression,A: Traditional ML,80.98307816277196,0.8098306581476287,,,,,4
3,Random Forest,A: Traditional ML,79.93553585817888,0.7992738993514592,,,,,4
3,HistGradientBoosting,A: Traditional ML,79.85495568090249,0.7983798906279955,,,,,4
3,Static MLP Only,B: Single-Branch Deep,61.64383561643836,0.6129984957992443,,,,3.0,4
3,Standalone LSTM,B: Single-Branch Deep,81.02336825141016,0.8101868171461241,,,,8.0,4
3,Hybrid 1: MLP + CNN + LSTM,C: Hybrid Baseline,80.86220789685737,0.8085994290209015,,,,2.0,4
3,Hybrid 2: MLP + BiLSTM,C: Hybrid Baseline,80.25785656728445,0.802553437432016,,,,4.0,4
3,Hybrid 3: MLP + GRU,C: Hybrid Baseline,80.98307816277196,0.8098288059270226,,,,4.0,4
3,Hybrid 4: MLP + Transformer,C: Hybrid Baseline,79.8952457695407,0.7989430254860564,,,,4.0,4
3,Proposed: MLP + Causal TCN + LSTM,D: Proposed,80.7010475423046,0.8070101934722493,,,,3.0,4
4,Majority Class (reference),0: Reference,50.886381950040295,0.33724966622162883,,,,,4
4,Logistic Regression,A: Traditional ML,80.7010475423046,0.8069841251286837,,,,,4
4,Random Forest,A: Traditional ML,80.7010475423046,0.8069013616231566,,,,,4
4,HistGradientBoosting,A: Traditional ML,80.25785656728445,0.8024706998258881,,,,,4
4,Static MLP Only,B: Single-Branch Deep,64.02095084609186,0.6394621926928674,,,,2.0,4
4,Standalone LSTM,B: Single-Branch Deep,81.10394842868655,0.8107738136361236,,,,18.0,4
4,Hybrid 1: MLP + CNN + LSTM,C: Hybrid Baseline,80.86220789685737,0.8085591492066234,,,,1.0,4
4,Hybrid 2: MLP + BiLSTM,C: Hybrid Baseline,80.90249798549557,0.8089277118061037,,,,2.0,4
4,Hybrid 3: MLP + GRU,C: Hybrid Baseline,80.7413376309428,0.8073413207492018,,,,2.0,4
4,Hybrid 4: MLP + Transformer,C: Hybrid Baseline,80.33843674456084,0.8033332878693704,,,,9.0,4
4,Proposed: MLP + Causal TCN + LSTM,D: Proposed,81.18452860596294,0.8115574674662225,,,,2.0,4
5,Majority Class (reference),0: Reference,50.886381950040295,0.33724966622162883,,,,,4
5,Logistic Regression,A: Traditional ML,79.61321514907333,0.7961300334726131,,,,,4
5,Random Forest,A: Traditional ML,79.45205479452055,0.7944616923436647,,,,,4
5,HistGradientBoosting,A: Traditional ML,79.0894439967768,0.7908373646597148,,,,,4
5,Static MLP Only,B: Single-Branch Deep,61.44238517324738,0.6144207847863934,,,,2.0,4
5,Standalone LSTM,B: Single-Branch Deep,79.97582594681708,0.7996450453584736,,,,5.0,4
5,Hybrid 1: MLP + CNN + LSTM,C: Hybrid Baseline,79.61321514907333,0.7958870963547762,,,,6.0,4
5,Hybrid 2: MLP + BiLSTM,C: Hybrid Baseline,80.01611603545527,0.7998862132753346,,,,4.0,4
5,Hybrid 3: MLP + GRU,C: Hybrid Baseline,80.01611603545527,0.8000197531891003,,,,6.0,4
5,Hybrid 4: MLP + Transformer,C: Hybrid Baseline,78.96857373086222,0.7896857373086221,,,,8.0,4
5,Proposed: MLP + Causal TCN + LSTM,D: Proposed,79.8146655922643,0.7980545723396533,,,,5.0,4
1,Majority Class (reference),0: Reference,50.90616190092629,0.337336535895383,,,,,5
1,Logistic Regression,A: Traditional ML,80.50745066451873,0.8050744750285794,,,,,5
1,Random Forest,A: Traditional ML,79.50060410793395,0.7948611030180006,,,,,5
1,HistGradientBoosting,A: Traditional ML,79.33950865888039,0.7932973223139852,,,,,5
1,Static MLP Only,B: Single-Branch Deep,62.50503423278292,0.6237134739235779,,,,2.0,5
1,Standalone LSTM,B: Single-Branch Deep,80.6282722513089,0.8061910565945943,,,,3.0,5
1,Hybrid 1: MLP + CNN + LSTM,C: Hybrid Baseline,80.10471204188482,0.8007303401452492,,,,1.0,5
1,Hybrid 2: MLP + BiLSTM,C: Hybrid Baseline,79.86306886830447,0.7985456995389025,,,,1.0,5
1,Hybrid 3: MLP + GRU,C: Hybrid Baseline,80.06443817962142,0.8002083281519508,,,,1.0,5
1,Hybrid 4: MLP + Transformer,C: Hybrid Baseline,79.66169955698751,0.7964901090572098,,,,5.0,5
1,Proposed: MLP + Causal TCN + LSTM,D: Proposed,79.78252114377769,0.797463027260449,,,,1.0,5
2,Majority Class (reference),0: Reference,50.92667203867849,0.3374265883609183,,,,,5
2,Logistic Regression,A: Traditional ML,81.4262691377921,0.8142119944279933,,,,,5
2,Random Forest,A: Traditional ML,80.78162771958098,0.8075575869674513,,,,,5
2,HistGradientBoosting,A: Traditional ML,80.7010475423046,0.8068147602169162,,,,,5
2,Static MLP Only,B: Single-Branch Deep,63.497179693795324,0.6339364143971089,,,,2.0,5
2,Standalone LSTM,B: Single-Branch Deep,80.21756647864625,0.8018475402849667,,,,1.0,5
2,Hybrid 1: MLP + CNN + LSTM,C: Hybrid Baseline,81.02336825141016,0.8099782462508796,,,,1.0,5
2,Hybrid 2: MLP + BiLSTM,C: Hybrid Baseline,81.18452860596294,0.8117315669046713,,,,1.0,5
2,Hybrid 3: MLP + GRU,C: Hybrid Baseline,81.14423851732474,0.8112922846582136,,,,1.0,5
2,Hybrid 4: MLP + Transformer,C: Hybrid Baseline,80.33843674456084,0.8029831906802131,,,,5.0,5
2,Proposed: MLP + Causal TCN + LSTM,D: Proposed,81.14423851732474,0.8112559796173044,,,,1.0,5
3,Majority Class (reference),0: Reference,50.886381950040295,0.33724966622162883,,,,,5
3,Logistic Regression,A: Traditional ML,81.99033037872682,0.8198819889944062,,,,,5
3,Random Forest,A: Traditional ML,81.30539887187751,0.8129518463657389,,,,,5
3,HistGradientBoosting,A: Traditional ML,81.5471394037067,0.8152597936576141,,,,,5
3,Static MLP Only,B: Single-Branch Deep,63.85979049153908,0.6360665143707167,,,,2.0,5
3,Standalone LSTM,B: Single-Branch Deep,81.5068493150685,0.8148903344682946,,,,2.0,5
3,Hybrid 1: MLP + CNN + LSTM,C: Hybrid Baseline,82.39323126510878,0.8238579422945786,,,,3.0,5
3,Hybrid 2: MLP + BiLSTM,C: Hybrid Baseline,82.1917808219178,0.8217135999927193,,,,3.0,5
3,Hybrid 3: MLP + GRU,C: Hybrid Baseline,82.03062046736503,0.820302004162216,,,,2.0,5
3,Hybrid 4: MLP + Transformer,C: Hybrid Baseline,80.25785656728445,0.8024984150245282,,,,15.0,5
3,Proposed: MLP + Causal TCN + LSTM,D: Proposed,80.86220789685737,0.8086056435319682,,,,6.0,5
4,Majority Class (reference),0: Reference,50.886381950040295,0.33724966622162883,,,,,5
4,Logistic Regression,A: Traditional ML,79.93553585817888,0.7992922823310256,,,,,5
4,Random Forest,A: Traditional ML,79.25060435132957,0.792326395066121,,,,,5
4,HistGradientBoosting,A: Traditional ML,79.85495568090249,0.798389193010912,,,,,5
4,Static MLP Only,B: Single-Branch Deep,63.094278807413374,0.6303898419601801,,,,2.0,5
4,Standalone LSTM,B: Single-Branch Deep,80.09669621273167,0.8008861571879937,,,,2.0,5
4,Hybrid 1: MLP + CNN + LSTM,C: Hybrid Baseline,79.7743755036261,0.7975638066122835,,,,2.0,5
4,Hybrid 2: MLP + BiLSTM,C: Hybrid Baseline,79.69379532634971,0.7968028474578914,,,,3.0,5
4,Hybrid 3: MLP + GRU,C: Hybrid Baseline,80.13698630136986,0.8011978888691218,,,,2.0,5
4,Hybrid 4: MLP + Transformer,C: Hybrid Baseline,79.8146655922643,0.7979905331161423,,,,5.0,5
4,Proposed: MLP + Causal TCN + LSTM,D: Proposed,79.73408541498792,0.7973005467195771,,,,2.0,5
5,Majority Class (reference),0: Reference,50.886381950040295,0.33724966622162883,,,,,5
5,Logistic Regression,A: Traditional ML,80.13698630136986,0.8013156469696328,,,,,5
5,Random Forest,A: Traditional ML,79.49234488315874,0.7947648330461405,,,,,5
5,HistGradientBoosting,A: Traditional ML,79.57292506043513,0.7955975573208498,,,,,5
5,Static MLP Only,B: Single-Branch Deep,61.925866236905726,0.6191220852484891,,,,2.0,5
5,Standalone LSTM,B: Single-Branch Deep,80.33843674456084,0.8030897847997467,,,,3.0,5
5,Hybrid 1: MLP + CNN + LSTM,C: Hybrid Baseline,79.85495568090249,0.7981385150412019,,,,2.0,5
5,Hybrid 2: MLP + BiLSTM,C: Hybrid Baseline,79.7743755036261,0.7975118262360749,,,,4.0,5
5,Hybrid 3: MLP + GRU,C: Hybrid Baseline,79.7743755036261,0.7975334112023482,,,,2.0,5
5,Hybrid 4: MLP + Transformer,C: Hybrid Baseline,79.0491539081386,0.7904131522794664,,,,10.0,5
5,Proposed: MLP + Causal TCN + LSTM,D: Proposed,79.7743755036261,0.7976332475767262,,,,2.0,5
