Fold,Model,Category,Macro-Track Top-1 Acc (%),Macro-Track Macro-F1,Granular Top-1 Acc (%),Granular Top-3 Acc (%),Granular Macro-F1,Epochs,Repeat
1,Majority Class (reference),0: Reference,43.57631896898913,0.1517531556802244,,,,,1
1,Logistic Regression,A: Traditional ML,43.73741441804269,0.30698340295104964,,,,,1
1,Random Forest,A: Traditional ML,43.09303262182843,0.27815635464990135,,,,,1
1,HistGradientBoosting,A: Traditional ML,40.79742247281514,0.28127322232454227,,,,,1
1,Static MLP Only,B: Single-Branch Deep,40.35440998791784,0.27444047412705264,,,,4.0,1
1,Standalone LSTM,B: Single-Branch Deep,43.53604510672574,0.2163798809183148,,,,7.0,1
1,Hybrid 1: MLP + CNN + LSTM,C: Hybrid Baseline,43.455497382198956,0.29436892097127354,,,,4.0,1
1,Hybrid 2: MLP + BiLSTM,C: Hybrid Baseline,43.213854208618606,0.2898144918637526,,,,4.0,1
1,Hybrid 3: MLP + GRU,C: Hybrid Baseline,41.64317358034636,0.30904842332018034,,,,11.0,1
1,Hybrid 4: MLP + Transformer,C: Hybrid Baseline,42.89166331051148,0.2838474923596308,,,,4.0,1
1,Proposed: MLP + Causal TCN + LSTM,D: Proposed,42.811115585984695,0.3064375975825143,,,,4.0,1
2,Majority Class (reference),0: Reference,43.593875906526996,0.15179573512906847,,,,,1
2,Logistic Regression,A: Traditional ML,44.96373892022562,0.3021717771207673,,,,,1
2,Random Forest,A: Traditional ML,44.399677679290896,0.2855401241199321,,,,,1
2,HistGradientBoosting,A: Traditional ML,44.278807413376306,0.30881676637837924,,,,,1
2,Static MLP Only,B: Single-Branch Deep,41.01531023368251,0.28336519701828655,,,,13.0,1
2,Standalone LSTM,B: Single-Branch Deep,43.79532634971797,0.22854599638480086,,,,9.0,1
2,Hybrid 1: MLP + CNN + LSTM,C: Hybrid Baseline,43.39242546333602,0.2971268616611204,,,,8.0,1
2,Hybrid 2: MLP + BiLSTM,C: Hybrid Baseline,43.11039484286866,0.28509922111325803,,,,8.0,1
2,Hybrid 3: MLP + GRU,C: Hybrid Baseline,43.11039484286866,0.32135469198608785,,,,20.0,1
2,Hybrid 4: MLP + Transformer,C: Hybrid Baseline,43.996776792908946,0.33056532117207027,,,,19.0,1
2,Proposed: MLP + Causal TCN + LSTM,D: Proposed,44.19822723609992,0.3019275166128587,,,,8.0,1
3,Majority Class (reference),0: Reference,43.5535858178888,0.15169800729722144,,,,,1
3,Logistic Regression,A: Traditional ML,45.688960515713134,0.31839125585983563,,,,,1
3,Random Forest,A: Traditional ML,43.674456083803385,0.2864840238388683,,,,,1
3,HistGradientBoosting,A: Traditional ML,42.34488315874295,0.2977418274882775,,,,,1
3,Static MLP Only,B: Single-Branch Deep,42.38517324738114,0.28974949685589235,,,,11.0,1
3,Standalone LSTM,B: Single-Branch Deep,43.875906526994356,0.2240520843872542,,,,8.0,1
3,Hybrid 1: MLP + CNN + LSTM,C: Hybrid Baseline,44.15793714746172,0.29929397140210967,,,,6.0,1
3,Hybrid 2: MLP + BiLSTM,C: Hybrid Baseline,44.11764705882353,0.31643907624770806,,,,6.0,1
3,Hybrid 3: MLP + GRU,C: Hybrid Baseline,44.84286865431104,0.31398945398927824,,,,8.0,1
3,Hybrid 4: MLP + Transformer,C: Hybrid Baseline,44.52054794520548,0.2909980346272638,,,,8.0,1
3,Proposed: MLP + Causal TCN + LSTM,D: Proposed,44.23851732473811,0.30891698289725295,,,,6.0,1
4,Majority Class (reference),0: Reference,43.5535858178888,0.15169800729722144,,,,,1
4,Logistic Regression,A: Traditional ML,45.80983078162772,0.31489518990457077,,,,,1
4,Random Forest,A: Traditional ML,45.32634971796938,0.30603864478779064,,,,,1
4,HistGradientBoosting,A: Traditional ML,42.98952457695407,0.31203099955465907,,,,,1
4,Static MLP Only,B: Single-Branch Deep,41.740531829170024,0.30767027988594137,,,,11.0,1
4,Standalone LSTM,B: Single-Branch Deep,43.956486704270745,0.2254251736614186,,,,19.0,1
4,Hybrid 1: MLP + CNN + LSTM,C: Hybrid Baseline,43.593875906526996,0.316505792070679,,,,11.0,1
4,Hybrid 2: MLP + BiLSTM,C: Hybrid Baseline,44.11764705882353,0.3413430617275035,,,,12.0,1
4,Hybrid 3: MLP + GRU,C: Hybrid Baseline,44.96373892022562,0.3327809601318093,,,,15.0,1
4,Hybrid 4: MLP + Transformer,C: Hybrid Baseline,43.63416599516519,0.32042698547359866,,,,12.0,1
4,Proposed: MLP + Causal TCN + LSTM,D: Proposed,44.68170829975826,0.31428701009073146,,,,13.0,1
5,Majority Class (reference),0: Reference,43.5535858178888,0.15169800729722144,,,,,1
5,Logistic Regression,A: Traditional ML,45.85012087026591,0.31224301299625506,,,,,1
5,Random Forest,A: Traditional ML,44.92344883158743,0.29727328385937096,,,,,1
5,HistGradientBoosting,A: Traditional ML,44.76228847703465,0.3319313809787714,,,,,1
5,Static MLP Only,B: Single-Branch Deep,42.66720386784851,0.2946536380756803,,,,8.0,1
5,Standalone LSTM,B: Single-Branch Deep,44.278807413376306,0.21873578804408678,,,,10.0,1
5,Hybrid 1: MLP + CNN + LSTM,C: Hybrid Baseline,44.077356970185335,0.3168650582044591,,,,9.0,1
5,Hybrid 2: MLP + BiLSTM,C: Hybrid Baseline,45.9709911361805,0.299467038510575,,,,3.0,1
5,Hybrid 3: MLP + GRU,C: Hybrid Baseline,42.747784045124895,0.329100238224034,,,,22.0,1
5,Hybrid 4: MLP + Transformer,C: Hybrid Baseline,41.49879129734085,0.31658634194112123,,,,18.0,1
5,Proposed: MLP + Causal TCN + LSTM,D: Proposed,43.63416599516519,0.3350366140672778,,,,15.0,1
1,Majority Class (reference),0: Reference,43.57631896898913,0.1517531556802244,,,,,2
1,Logistic Regression,A: Traditional ML,45.99275070479259,0.31542168534271114,,,,,2
1,Random Forest,A: Traditional ML,45.46919049536851,0.29827853135851096,,,,,2
1,HistGradientBoosting,A: Traditional ML,44.22070076520338,0.31670527691402817,,,,,2
1,Static MLP Only,B: Single-Branch Deep,42.93193717277487,0.2911270174975377,,,,2.0,2
1,Standalone LSTM,B: Single-Branch Deep,43.73741441804269,0.21874127659150538,,,,8.0,2
1,Hybrid 1: MLP + CNN + LSTM,C: Hybrid Baseline,44.623439387837294,0.2983224490521623,,,,1.0,2
1,Hybrid 2: MLP + BiLSTM,C: Hybrid Baseline,46.15384615384615,0.3182997047263059,,,,9.0,2
1,Hybrid 3: MLP + GRU,C: Hybrid Baseline,46.395489327426496,0.32317840142773857,,,,7.0,2
1,Hybrid 4: MLP + Transformer,C: Hybrid Baseline,44.381796214256944,0.3234870223791535,,,,10.0,2
1,Proposed: MLP + Causal TCN + LSTM,D: Proposed,42.85138944824809,0.3321042687261355,,,,18.0,2
2,Majority Class (reference),0: Reference,43.593875906526996,0.15179573512906847,,,,,2
2,Logistic Regression,A: Traditional ML,45.688960515713134,0.31234397759959026,,,,,2
2,Random Forest,A: Traditional ML,43.996776792908946,0.28539399051055936,,,,,2
2,HistGradientBoosting,A: Traditional ML,43.31184528605963,0.3073810995583218,,,,,2
2,Static MLP Only,B: Single-Branch Deep,40.934730056406124,0.29526235117320543,,,,13.0,2
2,Standalone LSTM,B: Single-Branch Deep,44.60112812248187,0.23934960290445195,,,,12.0,2
2,Hybrid 1: MLP + CNN + LSTM,C: Hybrid Baseline,43.15068493150685,0.31378184589001035,,,,13.0,2
2,Hybrid 2: MLP + BiLSTM,C: Hybrid Baseline,42.58662369057212,0.3297596981260664,,,,13.0,2
2,Hybrid 3: MLP + GRU,C: Hybrid Baseline,44.278807413376306,0.3191365183101405,,,,11.0,2
2,Hybrid 4: MLP + Transformer,C: Hybrid Baseline,43.63416599516519,0.3159061229398919,,,,13.0,2
2,Proposed: MLP + Causal TCN + LSTM,D: Proposed,44.15793714746172,0.3125336298086642,,,,11.0,2
3,Majority Class (reference),0: Reference,43.5535858178888,0.15169800729722144,,,,,2
3,Logistic Regression,A: Traditional ML,45.56809024979855,0.3077376116691481,,,,,2
3,Random Forest,A: Traditional ML,44.68170829975826,0.2893358218935654,,,,,2
3,HistGradientBoosting,A: Traditional ML,42.7880741337631,0.3003158192555959,,,,,2
3,Static MLP Only,B: Single-Branch Deep,42.38517324738114,0.2921286626002697,,,,5.0,2
3,Standalone LSTM,B: Single-Branch Deep,44.077356970185335,0.21400102425221507,,,,5.0,2
3,Hybrid 1: MLP + CNN + LSTM,C: Hybrid Baseline,44.96373892022562,0.3119588963792084,,,,5.0,2
3,Hybrid 2: MLP + BiLSTM,C: Hybrid Baseline,44.802578565672846,0.3074705344670377,,,,5.0,2
3,Hybrid 3: MLP + GRU,C: Hybrid Baseline,45.93070104754231,0.30988157551331363,,,,4.0,2
3,Hybrid 4: MLP + Transformer,C: Hybrid Baseline,44.802578565672846,0.3053242405338056,,,,4.0,2
3,Proposed: MLP + Causal TCN + LSTM,D: Proposed,44.96373892022562,0.31400873871662194,,,,5.0,2
4,Majority Class (reference),0: Reference,43.5535858178888,0.15169800729722144,,,,,2
4,Logistic Regression,A: Traditional ML,44.64141821112007,0.32068156532964365,,,,,2
4,Random Forest,A: Traditional ML,43.5535858178888,0.28738390663740926,,,,,2
4,HistGradientBoosting,A: Traditional ML,42.949234488315874,0.30982556830610664,,,,,2
4,Static MLP Only,B: Single-Branch Deep,42.465753424657535,0.28188171352785923,,,,3.0,2
4,Standalone LSTM,B: Single-Branch Deep,43.674456083803385,0.2176761381077128,,,,15.0,2
4,Hybrid 1: MLP + CNN + LSTM,C: Hybrid Baseline,44.19822723609992,0.3016356817988799,,,,3.0,2
4,Hybrid 2: MLP + BiLSTM,C: Hybrid Baseline,44.11764705882353,0.3056335080169579,,,,3.0,2
4,Hybrid 3: MLP + GRU,C: Hybrid Baseline,44.11764705882353,0.29924693006311565,,,,3.0,2
4,Hybrid 4: MLP + Transformer,C: Hybrid Baseline,44.11764705882353,0.29773630949710994,,,,3.0,2
4,Proposed: MLP + Causal TCN + LSTM,D: Proposed,43.75503626107977,0.2929017105000143,,,,3.0,2
5,Majority Class (reference),0: Reference,43.5535858178888,0.15169800729722144,,,,,2
5,Logistic Regression,A: Traditional ML,45.20547945205479,0.3066613686547448,,,,,2
5,Random Forest,A: Traditional ML,44.52054794520548,0.29286867181661974,,,,,2
5,HistGradientBoosting,A: Traditional ML,43.47300564061241,0.3059443557518579,,,,,2
5,Static MLP Only,B: Single-Branch Deep,38.920225624496375,0.2874870169841339,,,,17.0,2
5,Standalone LSTM,B: Single-Branch Deep,44.480257856567285,0.231776565185825,,,,17.0,2
5,Hybrid 1: MLP + CNN + LSTM,C: Hybrid Baseline,45.24576954069299,0.3104630606767773,,,,3.0,2
5,Hybrid 2: MLP + BiLSTM,C: Hybrid Baseline,45.9709911361805,0.3109825581765353,,,,3.0,2
5,Hybrid 3: MLP + GRU,C: Hybrid Baseline,44.84286865431104,0.3144378809015852,,,,9.0,2
5,Hybrid 4: MLP + Transformer,C: Hybrid Baseline,45.93070104754231,0.3005608166999545,,,,3.0,2
5,Proposed: MLP + Causal TCN + LSTM,D: Proposed,42.66720386784851,0.3215594043837285,,,,21.0,2
1,Majority Class (reference),0: Reference,43.57631896898913,0.1517531556802244,,,,,3
1,Logistic Regression,A: Traditional ML,45.46919049536851,0.3072531245868036,,,,,3
1,Random Forest,A: Traditional ML,43.61659283125252,0.28057383655809764,,,,,3
1,HistGradientBoosting,A: Traditional ML,43.173580346355216,0.29446321773034445,,,,,3
1,Static MLP Only,B: Single-Branch Deep,40.67660088602497,0.28312647404124025,,,,10.0,3
1,Standalone LSTM,B: Single-Branch Deep,43.65686669351591,0.23556996468256663,,,,8.0,3
1,Hybrid 1: MLP + CNN + LSTM,C: Hybrid Baseline,44.462343938783725,0.3132641108913075,,,,8.0,3
1,Hybrid 2: MLP + BiLSTM,C: Hybrid Baseline,42.529198550140954,0.3174871637698016,,,,10.0,3
1,Hybrid 3: MLP + GRU,C: Hybrid Baseline,44.663713250100685,0.31107602451579675,,,,8.0,3
1,Hybrid 4: MLP + Transformer,C: Hybrid Baseline,42.69029399919452,0.3113151934185897,,,,10.0,3
1,Proposed: MLP + Causal TCN + LSTM,D: Proposed,41.240434957712445,0.3325087040031441,,,,10.0,3
2,Majority Class (reference),0: Reference,43.593875906526996,0.15179573512906847,,,,,3
2,Logistic Regression,A: Traditional ML,45.76954069298952,0.31813400233474354,,,,,3
2,Random Forest,A: Traditional ML,45.24576954069299,0.3014883176711989,,,,,3
2,HistGradientBoosting,A: Traditional ML,43.593875906526996,0.3081598913150504,,,,,3
2,Static MLP Only,B: Single-Branch Deep,44.11764705882353,0.29939177282157836,,,,4.0,3
2,Standalone LSTM,B: Single-Branch Deep,43.190975020145046,0.2193792936547733,,,,31.0,3
2,Hybrid 1: MLP + CNN + LSTM,C: Hybrid Baseline,43.47300564061241,0.3456558101199031,,,,14.0,3
2,Hybrid 2: MLP + BiLSTM,C: Hybrid Baseline,45.608380338436746,0.3065793300108764,,,,1.0,3
2,Hybrid 3: MLP + GRU,C: Hybrid Baseline,41.86140209508461,0.3247199364826076,,,,14.0,3
2,Hybrid 4: MLP + Transformer,C: Hybrid Baseline,42.546333601933924,0.3312635876407035,,,,14.0,3
2,Proposed: MLP + Causal TCN + LSTM,D: Proposed,44.43996776792909,0.3483512505026467,,,,14.0,3
3,Majority Class (reference),0: Reference,43.5535858178888,0.15169800729722144,,,,,3
3,Logistic Regression,A: Traditional ML,45.20547945205479,0.3120123964578903,,,,,3
3,Random Forest,A: Traditional ML,44.76228847703465,0.2904350266233974,,,,,3
3,HistGradientBoosting,A: Traditional ML,44.19822723609992,0.31941938965137107,,,,,3
3,Static MLP Only,B: Single-Branch Deep,42.02256244963739,0.3004966623255144,,,,9.0,3
3,Standalone LSTM,B: Single-Branch Deep,45.04431909750202,0.21082022141549803,,,,8.0,3
3,Hybrid 1: MLP + CNN + LSTM,C: Hybrid Baseline,43.11039484286866,0.3135836747164684,,,,9.0,3
3,Hybrid 2: MLP + BiLSTM,C: Hybrid Baseline,43.15068493150685,0.3112313043356028,,,,9.0,3
3,Hybrid 3: MLP + GRU,C: Hybrid Baseline,43.996776792908946,0.3198113975726707,,,,9.0,3
3,Hybrid 4: MLP + Transformer,C: Hybrid Baseline,42.747784045124895,0.3059223329560046,,,,9.0,3
3,Proposed: MLP + Causal TCN + LSTM,D: Proposed,44.399677679290896,0.30725404842028026,,,,11.0,3
4,Majority Class (reference),0: Reference,43.5535858178888,0.15169800729722144,,,,,3
4,Logistic Regression,A: Traditional ML,45.487510072522156,0.3133159623177953,,,,,3
4,Random Forest,A: Traditional ML,43.02981466559226,0.2837610386622843,,,,,3
4,HistGradientBoosting,A: Traditional ML,43.593875906526996,0.31324092064728765,,,,,3
4,Static MLP Only,B: Single-Branch Deep,42.62691377921031,0.28619336313092436,,,,9.0,3
4,Standalone LSTM,B: Single-Branch Deep,43.5535858178888,0.22741378646178761,,,,16.0,3
4,Hybrid 1: MLP + CNN + LSTM,C: Hybrid Baseline,44.3190975020145,0.32830354786525073,,,,8.0,3
4,Hybrid 2: MLP + BiLSTM,C: Hybrid Baseline,43.956486704270745,0.31677808988549866,,,,8.0,3
4,Hybrid 3: MLP + GRU,C: Hybrid Baseline,43.02981466559226,0.3042691836142405,,,,12.0,3
4,Hybrid 4: MLP + Transformer,C: Hybrid Baseline,41.82111200644641,0.31286308729919876,,,,10.0,3
4,Proposed: MLP + Causal TCN + LSTM,D: Proposed,43.71474617244158,0.3154575446888748,,,,8.0,3
5,Majority Class (reference),0: Reference,43.5535858178888,0.15169800729722144,,,,,3
5,Logistic Regression,A: Traditional ML,45.85012087026591,0.32217877286888463,,,,,3
5,Random Forest,A: Traditional ML,44.72199838839646,0.2913286589507509,,,,,3
5,HistGradientBoosting,A: Traditional ML,43.674456083803385,0.3167773960702576,,,,,3
5,Static MLP Only,B: Single-Branch Deep,40.934730056406124,0.3027933398264881,,,,25.0,3
5,Standalone LSTM,B: Single-Branch Deep,43.83561643835616,0.23268811088486124,,,,16.0,3
5,Hybrid 1: MLP + CNN + LSTM,C: Hybrid Baseline,44.3190975020145,0.3034728367303605,,,,10.0,3
5,Hybrid 2: MLP + BiLSTM,C: Hybrid Baseline,44.56083803384367,0.3172751249878068,,,,10.0,3
5,Hybrid 3: MLP + GRU,C: Hybrid Baseline,45.24576954069299,0.3128077492523352,,,,8.0,3
5,Hybrid 4: MLP + Transformer,C: Hybrid Baseline,44.23851732473811,0.31740613686436236,,,,8.0,3
5,Proposed: MLP + Causal TCN + LSTM,D: Proposed,44.23851732473811,0.30647453168615857,,,,8.0,3
1,Majority Class (reference),0: Reference,43.57631896898913,0.1517531556802244,,,,,4
1,Logistic Regression,A: Traditional ML,46.87877567458719,0.33156683686013444,,,,,4
1,Random Forest,A: Traditional ML,45.10672573499799,0.29803280948652006,,,,,4
1,HistGradientBoosting,A: Traditional ML,44.54289166331051,0.31630480251917864,,,,,4
1,Static MLP Only,B: Single-Branch Deep,42.529198550140954,0.30394327034952284,,,,6.0,4
1,Standalone LSTM,B: Single-Branch Deep,43.85823600483286,0.2288770798503304,,,,14.0,4
1,Hybrid 1: MLP + CNN + LSTM,C: Hybrid Baseline,45.46919049536851,0.3222020809235831,,,,6.0,4
1,Hybrid 2: MLP + BiLSTM,C: Hybrid Baseline,44.01933145388643,0.31189025093350004,,,,11.0,4
1,Hybrid 3: MLP + GRU,C: Hybrid Baseline,42.36810310108739,0.31732024931748243,,,,19.0,4
1,Hybrid 4: MLP + Transformer,C: Hybrid Baseline,45.46919049536851,0.3169334451972363,,,,6.0,4
1,Proposed: MLP + Causal TCN + LSTM,D: Proposed,45.10672573499799,0.302383581996835,,,,8.0,4
2,Majority Class (reference),0: Reference,43.593875906526996,0.15179573512906847,,,,,4
2,Logistic Regression,A: Traditional ML,44.480257856567285,0.30901215604217547,,,,,4
2,Random Forest,A: Traditional ML,44.84286865431104,0.2917187081260161,,,,,4
2,HistGradientBoosting,A: Traditional ML,43.11039484286866,0.29966369749888866,,,,,4
2,Static MLP Only,B: Single-Branch Deep,41.70024174053183,0.28757691863171697,,,,7.0,4
2,Standalone LSTM,B: Single-Branch Deep,43.875906526994356,0.24204034962812773,,,,13.0,4
2,Hybrid 1: MLP + CNN + LSTM,C: Hybrid Baseline,44.56083803384367,0.3052546929654812,,,,4.0,4
2,Hybrid 2: MLP + BiLSTM,C: Hybrid Baseline,41.90169218372281,0.3197372935933157,,,,15.0,4
2,Hybrid 3: MLP + GRU,C: Hybrid Baseline,41.86140209508461,0.30327976289683034,,,,17.0,4
2,Hybrid 4: MLP + Transformer,C: Hybrid Baseline,42.10314262691378,0.3257094245790908,,,,24.0,4
2,Proposed: MLP + Causal TCN + LSTM,D: Proposed,44.480257856567285,0.3056872642959807,,,,4.0,4
3,Majority Class (reference),0: Reference,43.5535858178888,0.15169800729722144,,,,,4
3,Logistic Regression,A: Traditional ML,45.12489927477841,0.2949872205681556,,,,,4
3,Random Forest,A: Traditional ML,45.165189363416594,0.29619134025028543,,,,,4
3,HistGradientBoosting,A: Traditional ML,43.875906526994356,0.31037829770597075,,,,,4
3,Static MLP Only,B: Single-Branch Deep,42.949234488315874,0.2851395670697594,,,,8.0,4
3,Standalone LSTM,B: Single-Branch Deep,44.19822723609992,0.22626707439419663,,,,14.0,4
3,Hybrid 1: MLP + CNN + LSTM,C: Hybrid Baseline,42.62691377921031,0.3115612283278102,,,,14.0,4
3,Hybrid 2: MLP + BiLSTM,C: Hybrid Baseline,44.72199838839646,0.2958563742183891,,,,6.0,4
3,Hybrid 3: MLP + GRU,C: Hybrid Baseline,44.92344883158743,0.2974858573200766,,,,4.0,4
3,Hybrid 4: MLP + Transformer,C: Hybrid Baseline,44.03706688154714,0.29490325289182584,,,,4.0,4
3,Proposed: MLP + Causal TCN + LSTM,D: Proposed,45.44721998388396,0.3067198135400864,,,,6.0,4
4,Majority Class (reference),0: Reference,43.5535858178888,0.15169800729722144,,,,,4
4,Logistic Regression,A: Traditional ML,44.68170829975826,0.30353983688010094,,,,,4
4,Random Forest,A: Traditional ML,44.3593875906527,0.2825671393646012,,,,,4
4,HistGradientBoosting,A: Traditional ML,43.83561643835616,0.3024891078254253,,,,,4
4,Static MLP Only,B: Single-Branch Deep,42.22401289282837,0.28960246294031244,,,,13.0,4
4,Standalone LSTM,B: Single-Branch Deep,44.11764705882353,0.22706511985649996,,,,17.0,4
4,Hybrid 1: MLP + CNN + LSTM,C: Hybrid Baseline,42.868654311039485,0.29287259431137497,,,,6.0,4
4,Hybrid 2: MLP + BiLSTM,C: Hybrid Baseline,40.65269943593876,0.30533387778559273,,,,19.0,4
4,Hybrid 3: MLP + GRU,C: Hybrid Baseline,44.03706688154714,0.31560533885590375,,,,10.0,4
4,Hybrid 4: MLP + Transformer,C: Hybrid Baseline,42.38517324738114,0.29447246190082044,,,,10.0,4
4,Proposed: MLP + Causal TCN + LSTM,D: Proposed,42.7074939564867,0.3091000626545646,,,,10.0,4
5,Majority Class (reference),0: Reference,43.5535858178888,0.15169800729722144,,,,,4
5,Logistic Regression,A: Traditional ML,45.36663980660757,0.32391420305329244,,,,,4
5,Random Forest,A: Traditional ML,43.996776792908946,0.2856809362760665,,,,,4
5,HistGradientBoosting,A: Traditional ML,44.56083803384367,0.3124221699505,,,,,4
5,Static MLP Only,B: Single-Branch Deep,43.83561643835616,0.29300108057826235,,,,5.0,4
5,Standalone LSTM,B: Single-Branch Deep,43.23126510878324,0.2177760079784967,,,,13.0,4
5,Hybrid 1: MLP + CNN + LSTM,C: Hybrid Baseline,45.12489927477841,0.3026441458865566,,,,1.0,4
5,Hybrid 2: MLP + BiLSTM,C: Hybrid Baseline,45.004029008863824,0.3144757884477688,,,,1.0,4
5,Hybrid 3: MLP + GRU,C: Hybrid Baseline,45.04431909750202,0.3125911707118809,,,,1.0,4
5,Hybrid 4: MLP + Transformer,C: Hybrid Baseline,45.36663980660757,0.31355857258696423,,,,1.0,4
5,Proposed: MLP + Causal TCN + LSTM,D: Proposed,45.04431909750202,0.3107797698466322,,,,1.0,4
1,Majority Class (reference),0: Reference,43.57631896898913,0.1517531556802244,,,,,5
1,Logistic Regression,A: Traditional ML,45.63028594442207,0.32483791506668774,,,,,5
1,Random Forest,A: Traditional ML,44.341522351993554,0.300744766286741,,,,,5
1,HistGradientBoosting,A: Traditional ML,43.77768828030608,0.3200087144050433,,,,,5
1,Static MLP Only,B: Single-Branch Deep,42.44865082561417,0.2940774398570727,,,,3.0,5
1,Standalone LSTM,B: Single-Branch Deep,44.381796214256944,0.21262014823601305,,,,4.0,5
1,Hybrid 1: MLP + CNN + LSTM,C: Hybrid Baseline,45.71083366894885,0.31591932064752587,,,,3.0,5
1,Hybrid 2: MLP + BiLSTM,C: Hybrid Baseline,45.066451872734596,0.30376870535886524,,,,3.0,5
1,Hybrid 3: MLP + GRU,C: Hybrid Baseline,44.623439387837294,0.30985772415294255,,,,3.0,5
1,Hybrid 4: MLP + Transformer,C: Hybrid Baseline,44.90535642368103,0.3171282028481126,,,,3.0,5
1,Proposed: MLP + Causal TCN + LSTM,D: Proposed,43.89850986709625,0.31422752156401423,,,,10.0,5
2,Majority Class (reference),0: Reference,43.593875906526996,0.15179573512906847,,,,,5
2,Logistic Regression,A: Traditional ML,45.64867042707494,0.31117367591916395,,,,,5
2,Random Forest,A: Traditional ML,45.20547945205479,0.30051132849766143,,,,,5
2,HistGradientBoosting,A: Traditional ML,43.674456083803385,0.3191509702000967,,,,,5
2,Static MLP Only,B: Single-Branch Deep,39.28283642224013,0.29110439837035595,,,,18.0,5
2,Standalone LSTM,B: Single-Branch Deep,44.96373892022562,0.21749127034687615,,,,5.0,5
2,Hybrid 1: MLP + CNN + LSTM,C: Hybrid Baseline,43.956486704270745,0.30728504515966143,,,,8.0,5
2,Hybrid 2: MLP + BiLSTM,C: Hybrid Baseline,44.3190975020145,0.31282810064474553,,,,11.0,5
2,Hybrid 3: MLP + GRU,C: Hybrid Baseline,44.802578565672846,0.3154903260460647,,,,8.0,5
2,Hybrid 4: MLP + Transformer,C: Hybrid Baseline,42.90894439967768,0.309948967816838,,,,16.0,5
2,Proposed: MLP + Causal TCN + LSTM,D: Proposed,45.40692989524577,0.30220397721792175,,,,2.0,5
3,Majority Class (reference),0: Reference,43.5535858178888,0.15169800729722144,,,,,5
3,Logistic Regression,A: Traditional ML,43.956486704270745,0.3060451982296124,,,,,5
3,Random Forest,A: Traditional ML,45.165189363416594,0.308019815947706,,,,,5
3,HistGradientBoosting,A: Traditional ML,42.82836422240129,0.30673095823414015,,,,,5
3,Static MLP Only,B: Single-Branch Deep,41.29734085414988,0.27269326349072026,,,,10.0,5
3,Standalone LSTM,B: Single-Branch Deep,43.31184528605963,0.22052921797649877,,,,9.0,5
3,Hybrid 1: MLP + CNN + LSTM,C: Hybrid Baseline,43.07010475423046,0.3110470866311415,,,,8.0,5
3,Hybrid 2: MLP + BiLSTM,C: Hybrid Baseline,43.593875906526996,0.3099453238694478,,,,8.0,5
3,Hybrid 3: MLP + GRU,C: Hybrid Baseline,43.02981466559226,0.3044522433850756,,,,8.0,5
3,Hybrid 4: MLP + Transformer,C: Hybrid Baseline,42.7880741337631,0.3092886746393876,,,,12.0,5
3,Proposed: MLP + Causal TCN + LSTM,D: Proposed,44.15793714746172,0.3144680279948995,,,,8.0,5
4,Majority Class (reference),0: Reference,43.5535858178888,0.15169800729722144,,,,,5
4,Logistic Regression,A: Traditional ML,45.12489927477841,0.3008403970427922,,,,,5
4,Random Forest,A: Traditional ML,44.96373892022562,0.29094161922953266,,,,,5
4,HistGradientBoosting,A: Traditional ML,45.44721998388396,0.3218177931342125,,,,,5
4,Static MLP Only,B: Single-Branch Deep,41.941982272361,0.291330633393327,,,,14.0,5
4,Standalone LSTM,B: Single-Branch Deep,43.956486704270745,0.21126656165725943,,,,10.0,5
4,Hybrid 1: MLP + CNN + LSTM,C: Hybrid Baseline,46.091861402095084,0.3138990200185646,,,,2.0,5
4,Hybrid 2: MLP + BiLSTM,C: Hybrid Baseline,45.72925060435133,0.312941255878049,,,,2.0,5
4,Hybrid 3: MLP + GRU,C: Hybrid Baseline,45.9709911361805,0.30855426883510667,,,,2.0,5
4,Hybrid 4: MLP + Transformer,C: Hybrid Baseline,44.802578565672846,0.2947139102764389,,,,2.0,5
4,Proposed: MLP + Causal TCN + LSTM,D: Proposed,45.52780016116035,0.3128376518948009,,,,2.0,5
5,Majority Class (reference),0: Reference,43.5535858178888,0.15169800729722144,,,,,5
5,Logistic Regression,A: Traditional ML,44.883158742949234,0.30909238282801066,,,,,5
5,Random Forest,A: Traditional ML,44.3593875906527,0.2894488839894465,,,,,5
5,HistGradientBoosting,A: Traditional ML,44.72199838839646,0.32149617425307087,,,,,5
5,Static MLP Only,B: Single-Branch Deep,41.90169218372281,0.2835740138403577,,,,1.0,5
5,Standalone LSTM,B: Single-Branch Deep,43.91619661563255,0.24157424558055882,,,,12.0,5
5,Hybrid 1: MLP + CNN + LSTM,C: Hybrid Baseline,45.688960515713134,0.29849069410209694,,,,1.0,5
5,Hybrid 2: MLP + BiLSTM,C: Hybrid Baseline,44.68170829975826,0.28397701739587533,,,,2.0,5
5,Hybrid 3: MLP + GRU,C: Hybrid Baseline,45.165189363416594,0.2942797874818506,,,,2.0,5
5,Hybrid 4: MLP + Transformer,C: Hybrid Baseline,42.02256244963739,0.304112658139398,,,,13.0,5
5,Proposed: MLP + Causal TCN + LSTM,D: Proposed,45.165189363416594,0.2987624378713646,,,,1.0,5
