Feature,Chemical & Process,Civil & Infrastructure,Industrial & Management,"Mechanical, Electrical & Tech"
GENDER,0.11073,0.06703,0.19117,0.26112
STRATUM,0.06039,0.04588,0.07082,0.05108
SISBEN,0.03666,0.03755,0.02928,0.03953
SCHOOL_TYPE,0.04079,0.04125,0.03364,0.03168
SCHOOL_NAT,0.04954,0.03933,0.03746,0.04728
EDU_FATHER,0.04918,0.06272,0.04884,0.0567
EDU_MOTHER,0.04542,0.05025,0.0483,0.05978
OCC_FATHER,0.05462,0.07947,0.06255,0.05345
OCC_MOTHER,0.04253,0.0578,0.04812,0.04913
REVENUE,0.04466,0.06415,0.04894,0.05228
PEOPLE_HOUSE,0.05241,0.06088,0.0426,0.04116
INTERNET,0.02342,0.05063,0.02631,0.02295
COMPUTER,0.01747,0.02419,0.02182,0.01973
CAR,0.03089,0.04515,0.03415,0.02621
MAT_S11,0.0385,0.05225,0.02378,0.01197
CR_S11,0.01694,0.01675,0.00893,0.01388
CC_S11,0.04547,0.01502,0.03828,0.01439
BIO_S11,0.08169,0.03262,0.0568,0.03517
ENG_S11,0.07723,0.10701,0.02075,0.05621
STEM_AVG,0.01584,0.01784,0.02911,0.01961
HUM_AVG,0.02629,0.01233,0.02365,0.01062
STEM_HUM_RATIO,0.03934,0.0199,0.05469,0.02607
