Feature,Below top quartile,Top quartile
GENDER,0.02416,0.02416
STRATUM,0.03126,0.03126
SISBEN,0.02411,0.02411
SCHOOL_TYPE,0.02342,0.02342
SCHOOL_NAT,0.02571,0.02571
EDU_FATHER,0.03648,0.03648
EDU_MOTHER,0.03876,0.03876
OCC_FATHER,0.04253,0.04253
OCC_MOTHER,0.04115,0.04115
REVENUE,0.03557,0.03557
PEOPLE_HOUSE,0.0351,0.0351
INTERNET,0.0181,0.0181
COMPUTER,0.01444,0.01444
CAR,0.03498,0.03498
MAT_S11,0.04017,0.04017
CR_S11,0.07383,0.07383
CC_S11,0.05441,0.05441
BIO_S11,0.0633,0.0633
ENG_S11,0.17867,0.17867
STEM_AVG,0.0664,0.0664
HUM_AVG,0.07925,0.07925
STEM_HUM_RATIO,0.01821,0.01821
