Fold,Model,Category,Macro-Track Top-1 Acc (%),Macro-Track Macro-F1,Granular Top-1 Acc (%),Granular Top-3 Acc (%),Granular Macro-F1
1,Majority Class (reference),0: Reference,43.57631896898913,0.1517531556802244,42.85138944824809,78.73540072492952,0.028568743539141055
1,Logistic Regression,A: Traditional ML,28.51389448248087,0.2360671369886702,10.712847362062023,40.31413612565445,0.051471287358669605
1,Random Forest,A: Traditional ML,28.99718082964156,0.2273897366417162,31.21224325412807,72.33185662505034,0.07836652873999583
1,HistGradientBoosting,A: Traditional ML,37.29359645590012,0.33425719286988165,31.413612565445025,74.3455497382199,0.06300003908574585
1,Static MLP Only,B: Single-Branch Deep,26.500201369311316,0.2100214833299262,6.524365686669352,37.25332259363673,0.03514562635353079
1,Standalone LSTM,B: Single-Branch Deep,20.45912202980266,0.09232305423447473,3.8260169150221506,26.782118405155053,0.01860204263511153
1,Hybrid 1: MLP + CNN + LSTM,C: Hybrid Baseline,27.627869512686264,0.21447271878483637,14.176399516713653,48.207813129279096,0.051132091201055656
1,Hybrid 2: MLP + BiLSTM,C: Hybrid Baseline,29.480467176802254,0.23900829449521438,13.491743858236005,45.75110753121224,0.046877590776129435
1,Hybrid 3: MLP + GRU,C: Hybrid Baseline,27.748691099476442,0.215892104798109,12.726540475231573,45.54973821989529,0.05629169653926688
1,Hybrid 4: MLP + Transformer,C: Hybrid Baseline,27.265404752315746,0.22176591496179313,14.579138139347563,47.52315747080145,0.0547286061181361
1,Proposed: MLP + Causal TCN + LSTM,D: Proposed,28.272251308900525,0.2171332231412218,12.726540475231573,43.6971405557793,0.05289248144322646
2,Majority Class (reference),0: Reference,43.593875906526996,0.15179573512906847,42.868654311039485,78.76712328767124,0.028576800150404213
2,Logistic Regression,A: Traditional ML,30.257856567284446,0.26246496507023687,10.032232070910556,40.854149879129736,0.04843755393614676
2,Random Forest,A: Traditional ML,28.887993553585815,0.229574152131911,31.305398871877514,70.9508460918614,0.06894947417535367
2,HistGradientBoosting,A: Traditional ML,37.912973408541504,0.33948786797304126,32.59468170829976,75.82594681708301,0.0701674723181801
2,Static MLP Only,B: Single-Branch Deep,26.027397260273972,0.17616014998502627,6.52699435938759,35.73730862207897,0.031179280336014522
2,Standalone LSTM,B: Single-Branch Deep,20.467365028203062,0.09078481748994136,2.4174053182917,23.126510878323934,0.012041949574391145
2,Hybrid 1: MLP + CNN + LSTM,C: Hybrid Baseline,28.968573730862207,0.2120961503365131,13.094278807413376,47.09911361804996,0.05370982772840823
2,Hybrid 2: MLP + BiLSTM,C: Hybrid Baseline,29.532634971796938,0.2111624799628803,12.771958098307817,45.20547945205479,0.056831411504044936
2,Hybrid 3: MLP + GRU,C: Hybrid Baseline,28.646253021756646,0.203721898397926,12.570507655116842,43.79532634971797,0.055975996140375205
2,Hybrid 4: MLP + Transformer,C: Hybrid Baseline,27.437550362610796,0.19792612425898076,15.874294923448831,48.71071716357776,0.05882393167441619
2,Proposed: MLP + Causal TCN + LSTM,D: Proposed,28.726833199033035,0.20873647899810285,13.295729250604351,46.93795326349718,0.04617758396688095
3,Majority Class (reference),0: Reference,43.5535858178888,0.15169800729722144,42.868654311039485,78.76712328767124,0.028576800150404213
3,Logistic Regression,A: Traditional ML,30.21756647864625,0.24903367821941902,10.636583400483481,40.89443996776793,0.050504265797616944
3,Random Forest,A: Traditional ML,28.52538275584206,0.21934016686522606,28.565672844480254,70.82997582594682,0.05863478494259411
3,HistGradientBoosting,A: Traditional ML,37.308622078968575,0.34015079377345053,32.47381144238518,74.9798549556809,0.06348192917652548
3,Static MLP Only,B: Single-Branch Deep,25.26188557614827,0.17648549059186985,5.842062852538275,34.48831587429492,0.03423362652143379
3,Standalone LSTM,B: Single-Branch Deep,20.30620467365028,0.08439383791024782,2.860596293311845,23.3682514101531,0.017676494564398345
3,Hybrid 1: MLP + CNN + LSTM,C: Hybrid Baseline,26.26913779210314,0.2044264577887787,10.314262691377921,46.011281224818696,0.04327905618620159
3,Hybrid 2: MLP + BiLSTM,C: Hybrid Baseline,25.86623690572119,0.18357070410307624,9.830781627719581,43.5535858178888,0.03999186674961739
3,Hybrid 3: MLP + GRU,C: Hybrid Baseline,28.60596293311845,0.22001437730615464,10.515713134568896,44.52054794520548,0.04251150355744985
3,Hybrid 4: MLP + Transformer,C: Hybrid Baseline,29.089443996776794,0.22199693727112335,11.321514907332796,44.68170829975826,0.04708895913566753
3,Proposed: MLP + Causal TCN + LSTM,D: Proposed,28.807413376309427,0.220263987427875,10.636583400483481,43.07010475423046,0.046924442211523115
4,Majority Class (reference),0: Reference,43.5535858178888,0.15169800729722144,42.82836422240129,78.72683319903304,0.028557995835851974
4,Logistic Regression,A: Traditional ML,28.485092667203865,0.24484578989046568,10.999194198227237,41.941982272361,0.046086913895124704
4,Random Forest,A: Traditional ML,27.719580983078163,0.21923790065238818,28.2433521353747,71.03142626913778,0.06518447300220744
4,HistGradientBoosting,A: Traditional ML,36.502820306204676,0.3303366676924701,31.184528605962935,75.66478646253022,0.06471454145709366
4,Static MLP Only,B: Single-Branch Deep,28.08219178082192,0.22376124953234544,5.560032232070911,36.54311039484287,0.028905480459507332
4,Standalone LSTM,B: Single-Branch Deep,20.34649476228848,0.08453297623033143,1.087832393231265,9.508460918614022,0.008179247796055236
4,Hybrid 1: MLP + CNN + LSTM,C: Hybrid Baseline,28.68654311039484,0.22945644037892304,10.394842868654312,40.3706688154714,0.04193726350321405
4,Hybrid 2: MLP + BiLSTM,C: Hybrid Baseline,26.591458501208702,0.2078497172591925,9.951651893634166,39.5245769540693,0.046189189844873434
4,Hybrid 3: MLP + GRU,C: Hybrid Baseline,27.92103142626914,0.23806782643091243,11.885576148267527,44.56083803384367,0.048390678219216464
4,Hybrid 4: MLP + Transformer,C: Hybrid Baseline,27.92103142626914,0.23304186147278483,11.160354552780017,41.41821112006446,0.04601134870388136
4,Proposed: MLP + Causal TCN + LSTM,D: Proposed,28.68654311039484,0.23461879308925265,11.68412570507655,43.51329572925061,0.04678779148780258
5,Majority Class (reference),0: Reference,43.5535858178888,0.15169800729722144,42.82836422240129,78.72683319903304,0.028557995835851974
5,Logistic Regression,A: Traditional ML,28.767123287671232,0.24270887398747398,9.186140209508462,37.389202256244964,0.04682489339835363
5,Random Forest,A: Traditional ML,29.61321514907333,0.23655247029282442,29.45205479452055,68.29170024174053,0.06352828869060836
5,HistGradientBoosting,A: Traditional ML,35.576148267526186,0.32039321696085366,30.98307816277196,75.18130539887188,0.06450217221424201
5,Static MLP Only,B: Single-Branch Deep,26.26913779210314,0.19010503817061072,7.292506043513296,34.93150684931507,0.03763765482558575
5,Standalone LSTM,B: Single-Branch Deep,20.30620467365028,0.08637100098065689,2.9814665592264302,23.56970185334408,0.015963773217074127
5,Hybrid 1: MLP + CNN + LSTM,C: Hybrid Baseline,26.833199033037875,0.20010403866303775,11.563255439161967,42.10314262691378,0.047221243295066724
5,Hybrid 2: MLP + BiLSTM,C: Hybrid Baseline,27.598710717163577,0.20674260031076822,12.046736502820306,45.24576954069299,0.05267742467090659
5,Hybrid 3: MLP + GRU,C: Hybrid Baseline,27.558420628525383,0.20819290934948037,11.482675261885577,40.49153908138598,0.04886079129746902
5,Hybrid 4: MLP + Transformer,C: Hybrid Baseline,28.041901692183725,0.21008614235504536,11.724415793714746,39.323126510878325,0.04677044564727042
5,Proposed: MLP + Causal TCN + LSTM,D: Proposed,27.31668009669621,0.20445152946008233,12.369057211925865,42.425463336019334,0.048473149117003164
