Fold,Model,Category,Saber Pro quartile Top-1 Acc (%),Saber Pro quartile Macro-F1,Granular Top-1 Acc (%),Granular Top-3 Acc (%),Granular Macro-F1
1,Majority Class (reference),0: Reference,50.90616190092629,0.1686682679476915,,,
1,Logistic Regression,A: Traditional ML,62.30366492146597,0.5158996680614621,,,
1,Random Forest,A: Traditional ML,62.82722513089005,0.520198184660095,,,
1,HistGradientBoosting,A: Traditional ML,61.82037857430528,0.5106777506168987,,,
1,Static MLP Only,B: Single-Branch Deep,48.57027788964962,0.26513986710938353,,,
1,Standalone LSTM,B: Single-Branch Deep,63.27023761578735,0.5316939286758385,,,
1,Hybrid 1: MLP + CNN + LSTM,C: Hybrid Baseline,61.57873540072492,0.48216721089917813,,,
1,Hybrid 2: MLP + BiLSTM,C: Hybrid Baseline,61.78010471204188,0.5048025828493385,,,
1,Hybrid 3: MLP + GRU,C: Hybrid Baseline,60.61216270640355,0.4858952678787726,,,
1,Hybrid 4: MLP + Transformer,C: Hybrid Baseline,60.00805477245268,0.4641543755911658,,,
1,Proposed: MLP + Causal TCN + LSTM,D: Proposed,60.85380587998389,0.49400486857541703,,,
2,Majority Class (reference),0: Reference,50.92667203867849,0.16871329418045916,,,
2,Logistic Regression,A: Traditional ML,62.65108783239322,0.4915830139978573,,,
2,Random Forest,A: Traditional ML,62.1273166800967,0.4886383915791607,,,
2,HistGradientBoosting,A: Traditional ML,62.1273166800967,0.4929850609767187,,,
2,Static MLP Only,B: Single-Branch Deep,49.234488315874295,0.2944349738538313,,,
2,Standalone LSTM,B: Single-Branch Deep,64.74617244157938,0.5278129319154771,,,
2,Hybrid 1: MLP + CNN + LSTM,C: Hybrid Baseline,61.72441579371475,0.4997451615978409,,,
2,Hybrid 2: MLP + BiLSTM,C: Hybrid Baseline,61.12006446414182,0.48842578848423934,,,
2,Hybrid 3: MLP + GRU,C: Hybrid Baseline,61.281224818694604,0.4944377452934441,,,
2,Hybrid 4: MLP + Transformer,C: Hybrid Baseline,60.79774375503626,0.4675605028785182,,,
2,Proposed: MLP + Causal TCN + LSTM,D: Proposed,61.603545527800165,0.49940182735257693,,,
3,Majority Class (reference),0: Reference,50.886381950040295,0.16862483311081441,,,
3,Logistic Regression,A: Traditional ML,62.73166800966962,0.4908168943604987,,,
3,Random Forest,A: Traditional ML,61.804995970991136,0.49241572732655925,,,
3,HistGradientBoosting,A: Traditional ML,61.603545527800165,0.4947226327904618,,,
3,Static MLP Only,B: Single-Branch Deep,50.0,0.2881759024391784,,,
3,Standalone LSTM,B: Single-Branch Deep,63.53746978243352,0.5043423785877365,,,
3,Hybrid 1: MLP + CNN + LSTM,C: Hybrid Baseline,61.88557614826753,0.4821903282397163,,,
3,Hybrid 2: MLP + BiLSTM,C: Hybrid Baseline,61.804995970991136,0.489104896522487,,,
3,Hybrid 3: MLP + GRU,C: Hybrid Baseline,62.0870265914585,0.4925335811032405,,,
3,Hybrid 4: MLP + Transformer,C: Hybrid Baseline,60.757453666398064,0.4645134609021262,,,
3,Proposed: MLP + Causal TCN + LSTM,D: Proposed,60.99919419822724,0.4661796544514044,,,
4,Majority Class (reference),0: Reference,50.886381950040295,0.16862483311081441,,,
4,Logistic Regression,A: Traditional ML,63.37630942788074,0.5102670450173591,,,
4,Random Forest,A: Traditional ML,62.28847703464948,0.5056364423001087,,,
4,HistGradientBoosting,A: Traditional ML,60.95890410958904,0.48624497720059134,,,
4,Static MLP Only,B: Single-Branch Deep,48.71071716357776,0.27891876065416754,,,
4,Standalone LSTM,B: Single-Branch Deep,63.900080580177274,0.5286225832655266,,,
4,Hybrid 1: MLP + CNN + LSTM,C: Hybrid Baseline,60.757453666398064,0.4869807814355678,,,
4,Hybrid 2: MLP + BiLSTM,C: Hybrid Baseline,61.522965350523776,0.49602081192804165,,,
4,Hybrid 3: MLP + GRU,C: Hybrid Baseline,62.006446414182115,0.5042925374783703,,,
4,Hybrid 4: MLP + Transformer,C: Hybrid Baseline,60.91861402095085,0.4766884285657612,,,
4,Proposed: MLP + Causal TCN + LSTM,D: Proposed,60.99919419822724,0.4858733273171476,,,
5,Majority Class (reference),0: Reference,50.886381950040295,0.16862483311081441,,,
5,Logistic Regression,A: Traditional ML,63.497179693795324,0.5065515418322628,,,
5,Random Forest,A: Traditional ML,62.77195809830781,0.5071160593194064,,,
5,HistGradientBoosting,A: Traditional ML,61.72441579371475,0.49565556278499373,,,
5,Static MLP Only,B: Single-Branch Deep,48.67042707493957,0.27536523284710845,,,
5,Standalone LSTM,B: Single-Branch Deep,64.5850120870266,0.5173320929665937,,,
5,Hybrid 1: MLP + CNN + LSTM,C: Hybrid Baseline,61.281224818694604,0.49381995380661137,,,
5,Hybrid 2: MLP + BiLSTM,C: Hybrid Baseline,61.20064464141821,0.48669929104527776,,,
5,Hybrid 3: MLP + GRU,C: Hybrid Baseline,61.079774375503625,0.4843579263004011,,,
5,Hybrid 4: MLP + Transformer,C: Hybrid Baseline,59.951651893634164,0.46603054796439214,,,
5,Proposed: MLP + Causal TCN + LSTM,D: Proposed,61.72441579371475,0.4853799695863985,,,
