Category,Model,Saber Pro top quartile Top-1 Acc (%),Saber Pro top quartile Macro-F1,p-value vs Proposed (Saber Pro top quartile Macro-F1)
0: Reference,Majority Class (reference),50.90 ± 0.02,0.3373 ± 0.0001,2.929e-10 (***)
A: Traditional ML,Logistic Regression,80.65 ± 0.77,0.8064 ± 0.0078,0.01212 (*)
A: Traditional ML,Random Forest,80.15 ± 0.88,0.8013 ± 0.0089,0.05619 (n.s.)
A: Traditional ML,HistGradientBoosting,79.94 ± 0.55,0.7992 ± 0.0056,0.03712 (*)
B: Single-Branch Deep,Static MLP Only,60.46 ± 0.86,0.6039 ± 0.0083,1.078e-06 (***)
B: Single-Branch Deep,Standalone LSTM,80.98 ± 0.46,0.8096 ± 0.0047,0.001578 (**)
C: Hybrid Baseline,Hybrid 1: MLP + CNN + LSTM,79.61 ± 0.56,0.7959 ± 0.0057,0.1632 (n.s.)
C: Hybrid Baseline,Hybrid 2: MLP + BiLSTM,79.49 ± 0.71,0.7946 ± 0.0072,0.2285 (n.s.)
C: Hybrid Baseline,Hybrid 3: MLP + GRU,78.95 ± 0.28,0.7894 ± 0.0027,0.8281 (n.s.)
C: Hybrid Baseline,Hybrid 4: MLP + Transformer,79.03 ± 0.74,0.7900 ± 0.0077,0.9428 (n.s.)
D: Proposed,Proposed: MLP + Causal TCN + LSTM,79.00 ± 0.29,0.7897 ± 0.0027,—
