Fold,Model,Category,Saber Pro top quartile Top-1 Acc (%),Saber Pro top quartile Macro-F1,Granular Top-1 Acc (%),Granular Top-3 Acc (%),Granular Macro-F1,Repeat
1,Majority Class (reference),0: Reference,50.90616190092629,0.337336535895383,,,,1
1,Logistic Regression,A: Traditional ML,80.06443817962142,0.8006287303491351,,,,1
1,Random Forest,A: Traditional ML,79.37978252114378,0.7937830746191958,,,,1
1,HistGradientBoosting,A: Traditional ML,79.7422472815143,0.7973967090626093,,,,1
1,Static MLP Only,B: Single-Branch Deep,59.9275070479259,0.5991710483770353,,,,1
1,Standalone LSTM,B: Single-Branch Deep,80.74909383809907,0.807452680569183,,,,1
1,Hybrid 1: MLP + CNN + LSTM,C: Hybrid Baseline,79.7019734192509,0.7969957304333156,,,,1
1,Hybrid 2: MLP + BiLSTM,C: Hybrid Baseline,79.05759162303664,0.7905579454836846,,,,1
1,Hybrid 3: MLP + GRU,C: Hybrid Baseline,78.65485300040274,0.786519409361552,,,,1
1,Hybrid 4: MLP + Transformer,C: Hybrid Baseline,78.69512686266613,0.786940071841446,,,,1
1,Proposed: MLP + Causal TCN + LSTM,D: Proposed,78.69512686266613,0.7867071609664655,,,,1
2,Majority Class (reference),0: Reference,50.92667203867849,0.3374265883609183,,,,1
2,Logistic Regression,A: Traditional ML,79.61321514907333,0.7960129445464827,,,,1
2,Random Forest,A: Traditional ML,79.0491539081386,0.789967303222094,,,,1
2,HistGradientBoosting,A: Traditional ML,79.37147461724415,0.7933087668894302,,,,1
2,Static MLP Only,B: Single-Branch Deep,60.95890410958904,0.607164236833255,,,,1
2,Standalone LSTM,B: Single-Branch Deep,80.33843674456084,0.8029687044517553,,,,1
2,Hybrid 1: MLP + CNN + LSTM,C: Hybrid Baseline,79.25060435132957,0.7920750607355282,,,,1
2,Hybrid 2: MLP + BiLSTM,C: Hybrid Baseline,79.69379532634971,0.7962521263641795,,,,1
2,Hybrid 3: MLP + GRU,C: Hybrid Baseline,79.129734085415,0.790856124807396,,,,1
2,Hybrid 4: MLP + Transformer,C: Hybrid Baseline,78.24335213537469,0.7811510486879645,,,,1
2,Proposed: MLP + Causal TCN + LSTM,D: Proposed,79.29089443996776,0.7919557737153666,,,,1
3,Majority Class (reference),0: Reference,50.886381950040295,0.33724966622162883,,,,1
3,Logistic Regression,A: Traditional ML,81.38597904915392,0.8138423844611825,,,,1
3,Random Forest,A: Traditional ML,81.10394842868655,0.8109466504712537,,,,1
3,HistGradientBoosting,A: Traditional ML,80.41901692183723,0.8040974384026525,,,,1
3,Static MLP Only,B: Single-Branch Deep,60.878323932312654,0.6083661330473729,,,,1
3,Standalone LSTM,B: Single-Branch Deep,81.34568896051572,0.8133780944677116,,,,1
3,Hybrid 1: MLP + CNN + LSTM,C: Hybrid Baseline,80.53988718775182,0.8053229960816333,,,,1
3,Hybrid 2: MLP + BiLSTM,C: Hybrid Baseline,79.97582594681708,0.7996736780787315,,,,1
3,Hybrid 3: MLP + GRU,C: Hybrid Baseline,79.0894439967768,0.7908427985113341,,,,1
3,Hybrid 4: MLP + Transformer,C: Hybrid Baseline,80.21756647864625,0.8020481275040182,,,,1
3,Proposed: MLP + Causal TCN + LSTM,D: Proposed,78.68654311039485,0.7868277472770564,,,,1
4,Majority Class (reference),0: Reference,50.886381950040295,0.33724966622162883,,,,1
4,Logistic Regression,A: Traditional ML,80.90249798549557,0.8089847943539143,,,,1
4,Random Forest,A: Traditional ML,80.66075745366639,0.8064355122985978,,,,1
4,HistGradientBoosting,A: Traditional ML,79.53263497179694,0.795144250516016,,,,1
4,Static MLP Only,B: Single-Branch Deep,61.3215149073328,0.6128710245971956,,,,1
4,Standalone LSTM,B: Single-Branch Deep,81.4665592264303,0.8144823731281198,,,,1
4,Hybrid 1: MLP + CNN + LSTM,C: Hybrid Baseline,79.17002417405318,0.7916052173644725,,,,1
4,Hybrid 2: MLP + BiLSTM,C: Hybrid Baseline,80.21756647864625,0.8020481275040182,,,,1
4,Hybrid 3: MLP + GRU,C: Hybrid Baseline,78.64625302175665,0.7864557359847069,,,,1
4,Hybrid 4: MLP + Transformer,C: Hybrid Baseline,78.88799355358583,0.7888073933196151,,,,1
4,Proposed: MLP + Causal TCN + LSTM,D: Proposed,79.17002417405318,0.7916433863758623,,,,1
5,Majority Class (reference),0: Reference,50.886381950040295,0.33724966622162883,,,,1
5,Logistic Regression,A: Traditional ML,81.26510878323933,0.8125378556973708,,,,1
5,Random Forest,A: Traditional ML,80.53988718775182,0.8051810086561408,,,,1
5,HistGradientBoosting,A: Traditional ML,80.6204673650282,0.8059980535486986,,,,1
5,Static MLP Only,B: Single-Branch Deep,59.22643029814666,0.5919397266540859,,,,1
5,Standalone LSTM,B: Single-Branch Deep,81.02336825141016,0.8095837977593208,,,,1
5,Hybrid 1: MLP + CNN + LSTM,C: Hybrid Baseline,79.37147461724415,0.7933519234384279,,,,1
5,Hybrid 2: MLP + BiLSTM,C: Hybrid Baseline,78.48509266720387,0.7843799476416282,,,,1
5,Hybrid 3: MLP + GRU,C: Hybrid Baseline,79.25060435132957,0.7921050906709226,,,,1
5,Hybrid 4: MLP + Transformer,C: Hybrid Baseline,79.129734085415,0.7911670305109413,,,,1
5,Proposed: MLP + Causal TCN + LSTM,D: Proposed,79.17002417405318,0.7913683112801952,,,,1
1,Majority Class (reference),0: Reference,50.90616190092629,0.337336535895383,,,,2
1,Logistic Regression,A: Traditional ML,80.66854611357229,0.8066101477099697,,,,2
1,Random Forest,A: Traditional ML,80.30608135320178,0.8028761364737764,,,,2
1,HistGradientBoosting,A: Traditional ML,79.33950865888039,0.7931583621470639,,,,2
1,Static MLP Only,B: Single-Branch Deep,60.289971808296414,0.6028945008830197,,,,2
1,Standalone LSTM,B: Single-Branch Deep,80.50745066451873,0.8050104619889721,,,,2
1,Hybrid 1: MLP + CNN + LSTM,C: Hybrid Baseline,78.81594844945631,0.7880051292039995,,,,2
1,Hybrid 2: MLP + BiLSTM,C: Hybrid Baseline,78.69512686266613,0.7867408212585878,,,,2
1,Hybrid 3: MLP + GRU,C: Hybrid Baseline,79.01731776077325,0.7899092901472908,,,,2
1,Hybrid 4: MLP + Transformer,C: Hybrid Baseline,79.7019734192509,0.7967345824995452,,,,2
1,Proposed: MLP + Causal TCN + LSTM,D: Proposed,78.29238824003222,0.7824156800748641,,,,2
2,Majority Class (reference),0: Reference,50.92667203867849,0.3374265883609183,,,,2
2,Logistic Regression,A: Traditional ML,81.4262691377921,0.8142539774530502,,,,2
2,Random Forest,A: Traditional ML,80.86220789685737,0.8085280575135299,,,,2
2,HistGradientBoosting,A: Traditional ML,81.10394842868655,0.81090979855912,,,,2
2,Static MLP Only,B: Single-Branch Deep,58.94439967767929,0.5873453967575435,,,,2
2,Standalone LSTM,B: Single-Branch Deep,82.03062046736503,0.8200256230164924,,,,2
2,Hybrid 1: MLP + CNN + LSTM,C: Hybrid Baseline,79.8146655922643,0.7979621749170838,,,,2
2,Hybrid 2: MLP + BiLSTM,C: Hybrid Baseline,80.09669621273167,0.8004849123903253,,,,2
2,Hybrid 3: MLP + GRU,C: Hybrid Baseline,80.09669621273167,0.8005608528607074,,,,2
2,Hybrid 4: MLP + Transformer,C: Hybrid Baseline,79.97582594681708,0.7993854160313878,,,,2
2,Proposed: MLP + Causal TCN + LSTM,D: Proposed,79.8146655922643,0.7978378826564829,,,,2
3,Majority Class (reference),0: Reference,50.886381950040295,0.33724966622162883,,,,2
3,Logistic Regression,A: Traditional ML,80.94278807413376,0.8094263648944244,,,,2
3,Random Forest,A: Traditional ML,80.86220789685737,0.8085474599146498,,,,2
3,HistGradientBoosting,A: Traditional ML,80.17727639000806,0.8016238608119304,,,,2
3,Static MLP Only,B: Single-Branch Deep,59.99194198227236,0.5997504272277269,,,,2
3,Standalone LSTM,B: Single-Branch Deep,80.82191780821918,0.8079666800168525,,,,2
3,Hybrid 1: MLP + CNN + LSTM,C: Hybrid Baseline,79.41176470588235,0.7935247658374622,,,,2
3,Hybrid 2: MLP + BiLSTM,C: Hybrid Baseline,79.41176470588235,0.7934510588242575,,,,2
3,Hybrid 3: MLP + GRU,C: Hybrid Baseline,79.29089443996776,0.7924398021606143,,,,2
3,Hybrid 4: MLP + Transformer,C: Hybrid Baseline,78.64625302175665,0.7858382955889325,,,,2
3,Proposed: MLP + Causal TCN + LSTM,D: Proposed,78.36422240128928,0.7824596223009106,,,,2
4,Majority Class (reference),0: Reference,50.886381950040295,0.33724966622162883,,,,2
4,Logistic Regression,A: Traditional ML,80.86220789685737,0.8086150888159427,,,,2
4,Random Forest,A: Traditional ML,80.05640612409347,0.8004271861125041,,,,2
4,HistGradientBoosting,A: Traditional ML,79.85495568090249,0.798467770433192,,,,2
4,Static MLP Only,B: Single-Branch Deep,61.079774375503625,0.6104879208970819,,,,2
4,Standalone LSTM,B: Single-Branch Deep,81.38597904915392,0.8137435677530017,,,,2
4,Hybrid 1: MLP + CNN + LSTM,C: Hybrid Baseline,78.88799355358583,0.788853063702809,,,,2
4,Hybrid 2: MLP + BiLSTM,C: Hybrid Baseline,79.49234488315874,0.7949194206749356,,,,2
4,Hybrid 3: MLP + GRU,C: Hybrid Baseline,79.129734085415,0.7911985043057079,,,,2
4,Hybrid 4: MLP + Transformer,C: Hybrid Baseline,79.0491539081386,0.7904805194805196,,,,2
4,Proposed: MLP + Causal TCN + LSTM,D: Proposed,78.40451248992748,0.7839502924831347,,,,2
5,Majority Class (reference),0: Reference,50.886381950040295,0.33724966622162883,,,,2
5,Logistic Regression,A: Traditional ML,79.8146655922643,0.7980081217017465,,,,2
5,Random Forest,A: Traditional ML,79.41176470588235,0.7938027106536182,,,,2
5,HistGradientBoosting,A: Traditional ML,78.92828364222402,0.7889193239036281,,,,2
5,Static MLP Only,B: Single-Branch Deep,59.34730056406124,0.5898585579676501,,,,2
5,Standalone LSTM,B: Single-Branch Deep,79.61321514907333,0.795499960920199,,,,2
5,Hybrid 1: MLP + CNN + LSTM,C: Hybrid Baseline,78.12248186946012,0.7807541410997285,,,,2
5,Hybrid 2: MLP + BiLSTM,C: Hybrid Baseline,78.2030620467365,0.7812841498679246,,,,2
5,Hybrid 3: MLP + GRU,C: Hybrid Baseline,78.52538275584206,0.784518395341227,,,,2
5,Hybrid 4: MLP + Transformer,C: Hybrid Baseline,77.84045124899275,0.7773600390382397,,,,2
5,Proposed: MLP + Causal TCN + LSTM,D: Proposed,77.88074133763094,0.7776248077743142,,,,2
1,Majority Class (reference),0: Reference,50.90616190092629,0.337336535895383,,,,3
1,Logistic Regression,A: Traditional ML,79.98389045509464,0.7998368267175975,,,,3
1,Random Forest,A: Traditional ML,79.54087797019734,0.7953290729930513,,,,3
1,HistGradientBoosting,A: Traditional ML,79.37978252114378,0.7936891029594095,,,,3
1,Static MLP Only,B: Single-Branch Deep,60.571888844140155,0.6056165390563994,,,,3
1,Standalone LSTM,B: Single-Branch Deep,79.78252114377769,0.7975288259242943,,,,3
1,Hybrid 1: MLP + CNN + LSTM,C: Hybrid Baseline,78.05074506645188,0.7804111424020926,,,,3
1,Hybrid 2: MLP + BiLSTM,C: Hybrid Baseline,78.81594844945631,0.78815780083176,,,,3
1,Hybrid 3: MLP + GRU,C: Hybrid Baseline,78.73540072492952,0.7873498337758192,,,,3
1,Hybrid 4: MLP + Transformer,C: Hybrid Baseline,78.25211437776883,0.7824779236555623,,,,3
1,Proposed: MLP + Causal TCN + LSTM,D: Proposed,77.64800644381796,0.7764033234179861,,,,3
2,Majority Class (reference),0: Reference,50.92667203867849,0.3374265883609183,,,,3
2,Logistic Regression,A: Traditional ML,80.90249798549557,0.8090125787266207,,,,3
2,Random Forest,A: Traditional ML,80.6204673650282,0.8061024106414165,,,,3
2,HistGradientBoosting,A: Traditional ML,80.29814665592264,0.8028544487769143,,,,3
2,Static MLP Only,B: Single-Branch Deep,59.266720386784854,0.5926433324356006,,,,3
2,Standalone LSTM,B: Single-Branch Deep,81.5471394037067,0.8153561775560061,,,,3
2,Hybrid 1: MLP + CNN + LSTM,C: Hybrid Baseline,80.66075745366639,0.8066055653495146,,,,3
2,Hybrid 2: MLP + BiLSTM,C: Hybrid Baseline,79.69379532634971,0.7967267714063417,,,,3
2,Hybrid 3: MLP + GRU,C: Hybrid Baseline,80.17727639000806,0.8017398080950757,,,,3
2,Hybrid 4: MLP + Transformer,C: Hybrid Baseline,79.69379532634971,0.7968741170579055,,,,3
2,Proposed: MLP + Causal TCN + LSTM,D: Proposed,80.05640612409347,0.8005287994369431,,,,3
3,Majority Class (reference),0: Reference,50.886381950040295,0.33724966622162883,,,,3
3,Logistic Regression,A: Traditional ML,80.37872683319904,0.8036977579429364,,,,3
3,Random Forest,A: Traditional ML,80.25785656728445,0.8023186411938187,,,,3
3,HistGradientBoosting,A: Traditional ML,80.29814665592264,0.8027714099486769,,,,3
3,Static MLP Only,B: Single-Branch Deep,60.99919419822724,0.6097159699335668,,,,3
3,Standalone LSTM,B: Single-Branch Deep,80.86220789685737,0.8083046469151918,,,,3
3,Hybrid 1: MLP + CNN + LSTM,C: Hybrid Baseline,79.49234488315874,0.7948778648325894,,,,3
3,Hybrid 2: MLP + BiLSTM,C: Hybrid Baseline,79.37147461724415,0.7935002122223154,,,,3
3,Hybrid 3: MLP + GRU,C: Hybrid Baseline,79.93553585817888,0.7992133812261533,,,,3
3,Hybrid 4: MLP + Transformer,C: Hybrid Baseline,79.41176470588235,0.7940437942454793,,,,3
3,Proposed: MLP + Causal TCN + LSTM,D: Proposed,79.0491539081386,0.790227839377952,,,,3
4,Majority Class (reference),0: Reference,50.886381950040295,0.33724966622162883,,,,3
4,Logistic Regression,A: Traditional ML,81.4665592264303,0.8146308072778661,,,,3
4,Random Forest,A: Traditional ML,81.02336825141016,0.8100869083786487,,,,3
4,HistGradientBoosting,A: Traditional ML,81.02336825141016,0.8100002356667867,,,,3
4,Static MLP Only,B: Single-Branch Deep,59.79049153908138,0.5976028721347695,,,,3
4,Standalone LSTM,B: Single-Branch Deep,81.5068493150685,0.8148994776186456,,,,3
4,Hybrid 1: MLP + CNN + LSTM,C: Hybrid Baseline,79.53263497179694,0.7952964433037895,,,,3
4,Hybrid 2: MLP + BiLSTM,C: Hybrid Baseline,79.45205479452055,0.794512008633671,,,,3
4,Hybrid 3: MLP + GRU,C: Hybrid Baseline,78.88799355358583,0.7887481158064349,,,,3
4,Hybrid 4: MLP + Transformer,C: Hybrid Baseline,80.21756647864625,0.8021663837948972,,,,3
4,Proposed: MLP + Causal TCN + LSTM,D: Proposed,79.17002417405318,0.7916853290882311,,,,3
5,Majority Class (reference),0: Reference,50.886381950040295,0.33724966622162883,,,,3
5,Logistic Regression,A: Traditional ML,80.78162771958098,0.8077530824664407,,,,3
5,Random Forest,A: Traditional ML,79.85495568090249,0.798389193010912,,,,3
5,HistGradientBoosting,A: Traditional ML,80.53988718775182,0.8052210189320388,,,,3
5,Static MLP Only,B: Single-Branch Deep,58.58178887993554,0.5856629241217144,,,,3
5,Standalone LSTM,B: Single-Branch Deep,81.58742949234488,0.8157902985214003,,,,3
5,Hybrid 1: MLP + CNN + LSTM,C: Hybrid Baseline,79.0894439967768,0.790682381111857,,,,3
5,Hybrid 2: MLP + BiLSTM,C: Hybrid Baseline,79.21031426269137,0.7919972558901889,,,,3
5,Hybrid 3: MLP + GRU,C: Hybrid Baseline,79.25060435132957,0.792481486201609,,,,3
5,Hybrid 4: MLP + Transformer,C: Hybrid Baseline,79.21031426269137,0.7920317079254224,,,,3
5,Proposed: MLP + Causal TCN + LSTM,D: Proposed,79.129734085415,0.7911910437037167,,,,3
1,Majority Class (reference),0: Reference,50.90616190092629,0.337336535895383,,,,4
1,Logistic Regression,A: Traditional ML,81.31292790978655,0.8129931177769121,,,,4
1,Random Forest,A: Traditional ML,79.98389045509464,0.7992887242495554,,,,4
1,HistGradientBoosting,A: Traditional ML,80.1449859041482,0.8010735135793943,,,,4
1,Static MLP Only,B: Single-Branch Deep,61.6995569875151,0.6165567298281829,,,,4
1,Standalone LSTM,B: Single-Branch Deep,81.23238018525977,0.8116636934215324,,,,4
1,Hybrid 1: MLP + CNN + LSTM,C: Hybrid Baseline,79.66169955698751,0.796473196510983,,,,4
1,Hybrid 2: MLP + BiLSTM,C: Hybrid Baseline,79.37978252114378,0.7936732987447351,,,,4
1,Hybrid 3: MLP + GRU,C: Hybrid Baseline,78.89649617398308,0.7887401424449983,,,,4
1,Hybrid 4: MLP + Transformer,C: Hybrid Baseline,79.66169955698751,0.7961248080410965,,,,4
1,Proposed: MLP + Causal TCN + LSTM,D: Proposed,79.01731776077325,0.7896982214516616,,,,4
2,Majority Class (reference),0: Reference,50.92667203867849,0.3374265883609183,,,,4
2,Logistic Regression,A: Traditional ML,80.82191780821918,0.8082012445963698,,,,4
2,Random Forest,A: Traditional ML,79.97582594681708,0.7996122378198895,,,,4
2,HistGradientBoosting,A: Traditional ML,79.93553585817888,0.7991768440097952,,,,4
2,Static MLP Only,B: Single-Branch Deep,61.03948428686543,0.6095855994781665,,,,4
2,Standalone LSTM,B: Single-Branch Deep,80.94278807413376,0.8091241996818808,,,,4
2,Hybrid 1: MLP + CNN + LSTM,C: Hybrid Baseline,79.65350523771151,0.795931325756879,,,,4
2,Hybrid 2: MLP + BiLSTM,C: Hybrid Baseline,79.61321514907333,0.7958870963547762,,,,4
2,Hybrid 3: MLP + GRU,C: Hybrid Baseline,79.129734085415,0.79121925553993,,,,4
2,Hybrid 4: MLP + Transformer,C: Hybrid Baseline,79.8952457695407,0.7987381054486499,,,,4
2,Proposed: MLP + Causal TCN + LSTM,D: Proposed,79.49234488315874,0.7943505650102398,,,,4
3,Majority Class (reference),0: Reference,50.886381950040295,0.33724966622162883,,,,4
3,Logistic Regression,A: Traditional ML,80.98307816277196,0.8098306581476287,,,,4
3,Random Forest,A: Traditional ML,79.93553585817888,0.7992738993514592,,,,4
3,HistGradientBoosting,A: Traditional ML,79.85495568090249,0.7983798906279955,,,,4
3,Static MLP Only,B: Single-Branch Deep,59.99194198227236,0.5996776144247079,,,,4
3,Standalone LSTM,B: Single-Branch Deep,80.98307816277196,0.8097042539685015,,,,4
3,Hybrid 1: MLP + CNN + LSTM,C: Hybrid Baseline,78.96857373086222,0.7891763649144732,,,,4
3,Hybrid 2: MLP + BiLSTM,C: Hybrid Baseline,78.60596293311846,0.785661279502348,,,,4
3,Hybrid 3: MLP + GRU,C: Hybrid Baseline,78.88799355358583,0.7883516670930332,,,,4
3,Hybrid 4: MLP + Transformer,C: Hybrid Baseline,79.0491539081386,0.7901644035169866,,,,4
3,Proposed: MLP + Causal TCN + LSTM,D: Proposed,78.96857373086222,0.7895369176707872,,,,4
4,Majority Class (reference),0: Reference,50.886381950040295,0.33724966622162883,,,,4
4,Logistic Regression,A: Traditional ML,80.7010475423046,0.8069841251286837,,,,4
4,Random Forest,A: Traditional ML,80.7010475423046,0.8069013616231566,,,,4
4,HistGradientBoosting,A: Traditional ML,80.25785656728445,0.8024706998258881,,,,4
4,Static MLP Only,B: Single-Branch Deep,61.44238517324738,0.6137325571581411,,,,4
4,Standalone LSTM,B: Single-Branch Deep,81.18452860596294,0.8115454571912015,,,,4
4,Hybrid 1: MLP + CNN + LSTM,C: Hybrid Baseline,79.97582594681708,0.7996291636853301,,,,4
4,Hybrid 2: MLP + BiLSTM,C: Hybrid Baseline,80.01611603545527,0.799836236269829,,,,4
4,Hybrid 3: MLP + GRU,C: Hybrid Baseline,80.53988718775182,0.8052394991424441,,,,4
4,Hybrid 4: MLP + Transformer,C: Hybrid Baseline,80.09669621273167,0.8009099529760204,,,,4
4,Proposed: MLP + Causal TCN + LSTM,D: Proposed,80.21756647864625,0.8021268093816282,,,,4
5,Majority Class (reference),0: Reference,50.886381950040295,0.33724966622162883,,,,4
5,Logistic Regression,A: Traditional ML,79.61321514907333,0.7961300334726131,,,,4
5,Random Forest,A: Traditional ML,79.45205479452055,0.7944616923436647,,,,4
5,HistGradientBoosting,A: Traditional ML,79.0894439967768,0.7908373646597148,,,,4
5,Static MLP Only,B: Single-Branch Deep,59.30701047542305,0.5927993570088698,,,,4
5,Standalone LSTM,B: Single-Branch Deep,79.93553585817888,0.7993470201952316,,,,4
5,Hybrid 1: MLP + CNN + LSTM,C: Hybrid Baseline,78.60596293311846,0.7860568162652025,,,,4
5,Hybrid 2: MLP + BiLSTM,C: Hybrid Baseline,79.0491539081386,0.7904866416241083,,,,4
5,Hybrid 3: MLP + GRU,C: Hybrid Baseline,78.3239323126511,0.7832370711625808,,,,4
5,Hybrid 4: MLP + Transformer,C: Hybrid Baseline,78.88799355358583,0.7888793871994713,,,,4
5,Proposed: MLP + Causal TCN + LSTM,D: Proposed,78.96857373086222,0.7895708271614563,,,,4
1,Majority Class (reference),0: Reference,50.90616190092629,0.337336535895383,,,,5
1,Logistic Regression,A: Traditional ML,80.50745066451873,0.8050744750285794,,,,5
1,Random Forest,A: Traditional ML,79.50060410793395,0.7948611030180006,,,,5
1,HistGradientBoosting,A: Traditional ML,79.33950865888039,0.7932973223139852,,,,5
1,Static MLP Only,B: Single-Branch Deep,61.61900926298832,0.615685177115726,,,,5
1,Standalone LSTM,B: Single-Branch Deep,80.50745066451873,0.8050479134547002,,,,5
1,Hybrid 1: MLP + CNN + LSTM,C: Hybrid Baseline,79.01731776077325,0.7900947349376966,,,,5
1,Hybrid 2: MLP + BiLSTM,C: Hybrid Baseline,79.37978252114378,0.7937961863609527,,,,5
1,Hybrid 3: MLP + GRU,C: Hybrid Baseline,78.33266210229561,0.7833139332689691,,,,5
1,Hybrid 4: MLP + Transformer,C: Hybrid Baseline,79.46033024567056,0.7945416845138429,,,,5
1,Proposed: MLP + Causal TCN + LSTM,D: Proposed,79.25896093435361,0.792550712322398,,,,5
2,Majority Class (reference),0: Reference,50.92667203867849,0.3374265883609183,,,,5
2,Logistic Regression,A: Traditional ML,81.4262691377921,0.8142119944279933,,,,5
2,Random Forest,A: Traditional ML,80.78162771958098,0.8075575869674513,,,,5
2,HistGradientBoosting,A: Traditional ML,80.7010475423046,0.8068147602169162,,,,5
2,Static MLP Only,B: Single-Branch Deep,60.63658340048348,0.6052996223926267,,,,5
2,Standalone LSTM,B: Single-Branch Deep,81.99033037872682,0.8196714356975641,,,,5
2,Hybrid 1: MLP + CNN + LSTM,C: Hybrid Baseline,79.41176470588235,0.7940373726660759,,,,5
2,Hybrid 2: MLP + BiLSTM,C: Hybrid Baseline,78.3239323126511,0.7831366704951175,,,,5
2,Hybrid 3: MLP + GRU,C: Hybrid Baseline,79.129734085415,0.7911753068677434,,,,5
2,Hybrid 4: MLP + Transformer,C: Hybrid Baseline,79.65350523771151,0.7962611769781193,,,,5
2,Proposed: MLP + Causal TCN + LSTM,D: Proposed,79.41176470588235,0.794061451524305,,,,5
3,Majority Class (reference),0: Reference,50.886381950040295,0.33724966622162883,,,,5
3,Logistic Regression,A: Traditional ML,81.99033037872682,0.8198819889944062,,,,5
3,Random Forest,A: Traditional ML,81.30539887187751,0.8129518463657389,,,,5
3,HistGradientBoosting,A: Traditional ML,81.5471394037067,0.8152597936576141,,,,5
3,Static MLP Only,B: Single-Branch Deep,61.56325543916197,0.6151264973447,,,,5
3,Standalone LSTM,B: Single-Branch Deep,81.78887993553586,0.8178148644716056,,,,5
3,Hybrid 1: MLP + CNN + LSTM,C: Hybrid Baseline,80.49959709911361,0.8048579849667834,,,,5
3,Hybrid 2: MLP + BiLSTM,C: Hybrid Baseline,80.86220789685737,0.8084825210552264,,,,5
3,Hybrid 3: MLP + GRU,C: Hybrid Baseline,80.98307816277196,0.8097407220700659,,,,5
3,Hybrid 4: MLP + Transformer,C: Hybrid Baseline,80.78162771958098,0.8077076189858992,,,,5
3,Proposed: MLP + Causal TCN + LSTM,D: Proposed,80.53988718775182,0.8051913926486931,,,,5
4,Majority Class (reference),0: Reference,50.886381950040295,0.33724966622162883,,,,5
4,Logistic Regression,A: Traditional ML,79.93553585817888,0.7992922823310256,,,,5
4,Random Forest,A: Traditional ML,79.25060435132957,0.792326395066121,,,,5
4,HistGradientBoosting,A: Traditional ML,79.85495568090249,0.798389193010912,,,,5
4,Static MLP Only,B: Single-Branch Deep,61.281224818694604,0.6127940831505017,,,,5
4,Standalone LSTM,B: Single-Branch Deep,79.85495568090249,0.7982350033817179,,,,5
4,Hybrid 1: MLP + CNN + LSTM,C: Hybrid Baseline,79.0491539081386,0.7892825772492318,,,,5
4,Hybrid 2: MLP + BiLSTM,C: Hybrid Baseline,78.68654311039485,0.7858489275059561,,,,5
4,Hybrid 3: MLP + GRU,C: Hybrid Baseline,78.04190169218373,0.7791922722763702,,,,5
4,Hybrid 4: MLP + Transformer,C: Hybrid Baseline,78.88799355358583,0.788244151415507,,,,5
4,Proposed: MLP + Causal TCN + LSTM,D: Proposed,79.29089443996776,0.7921699720775053,,,,5
5,Majority Class (reference),0: Reference,50.886381950040295,0.33724966622162883,,,,5
5,Logistic Regression,A: Traditional ML,80.13698630136986,0.8013156469696328,,,,5
5,Random Forest,A: Traditional ML,79.49234488315874,0.7947648330461405,,,,5
5,HistGradientBoosting,A: Traditional ML,79.57292506043513,0.7955975573208498,,,,5
5,Static MLP Only,B: Single-Branch Deep,59.830781627719574,0.5971159045140757,,,,5
5,Standalone LSTM,B: Single-Branch Deep,80.45930701047543,0.8042941578610663,,,,5
5,Hybrid 1: MLP + CNN + LSTM,C: Hybrid Baseline,79.69379532634971,0.7967942653373117,,,,5
5,Hybrid 2: MLP + BiLSTM,C: Hybrid Baseline,79.25060435132957,0.792161880339629,,,,5
5,Hybrid 3: MLP + GRU,C: Hybrid Baseline,78.68654311039485,0.7866381919485688,,,,5
5,Hybrid 4: MLP + Transformer,C: Hybrid Baseline,78.60596293311846,0.7859467360719172,,,,5
5,Proposed: MLP + Causal TCN + LSTM,D: Proposed,79.0894439967768,0.7908373646597148,,,,5
