Fold,Model,Category,Macro-Track Top-1 Acc (%),Macro-Track Macro-F1,Granular Top-1 Acc (%),Granular Top-3 Acc (%),Granular Macro-F1,Repeat
1,Majority Class (reference),0: Reference,43.57631896898913,0.1517531556802244,,,,1
1,Logistic Regression,A: Traditional ML,43.73741441804269,0.30698340295104964,,,,1
1,Random Forest,A: Traditional ML,43.09303262182843,0.27815635464990135,,,,1
1,HistGradientBoosting,A: Traditional ML,40.79742247281514,0.28127322232454227,,,,1
1,Static MLP Only,B: Single-Branch Deep,39.750302053966976,0.27380564334946067,,,,1
1,Standalone LSTM,B: Single-Branch Deep,44.1401530406766,0.2246238976899583,,,,1
1,Hybrid 1: MLP + CNN + LSTM,C: Hybrid Baseline,43.01248489730165,0.2881167678293,,,,1
1,Hybrid 2: MLP + BiLSTM,C: Hybrid Baseline,43.57631896898913,0.2905787391880798,,,,1
1,Hybrid 3: MLP + GRU,C: Hybrid Baseline,42.85138944824809,0.29416188225662504,,,,1
1,Hybrid 4: MLP + Transformer,C: Hybrid Baseline,42.69029399919452,0.2810567824281749,,,,1
1,Proposed: MLP + Causal TCN + LSTM,D: Proposed,43.05275875956504,0.29662718437535657,,,,1
2,Majority Class (reference),0: Reference,43.593875906526996,0.15179573512906847,,,,1
2,Logistic Regression,A: Traditional ML,44.96373892022562,0.3021717771207673,,,,1
2,Random Forest,A: Traditional ML,44.399677679290896,0.2855401241199321,,,,1
2,HistGradientBoosting,A: Traditional ML,44.278807413376306,0.30881676637837924,,,,1
2,Static MLP Only,B: Single-Branch Deep,42.22401289282837,0.2819096236370167,,,,1
2,Standalone LSTM,B: Single-Branch Deep,44.43996776792909,0.20828446903472037,,,,1
2,Hybrid 1: MLP + CNN + LSTM,C: Hybrid Baseline,43.91619661563255,0.32216050500736365,,,,1
2,Hybrid 2: MLP + BiLSTM,C: Hybrid Baseline,44.23851732473811,0.316266148252208,,,,1
2,Hybrid 3: MLP + GRU,C: Hybrid Baseline,43.875906526994356,0.32187918410965416,,,,1
2,Hybrid 4: MLP + Transformer,C: Hybrid Baseline,43.674456083803385,0.31022561298827234,,,,1
2,Proposed: MLP + Causal TCN + LSTM,D: Proposed,44.11764705882353,0.32333000454604466,,,,1
3,Majority Class (reference),0: Reference,43.5535858178888,0.15169800729722144,,,,1
3,Logistic Regression,A: Traditional ML,45.688960515713134,0.31839125585983563,,,,1
3,Random Forest,A: Traditional ML,43.674456083803385,0.2864840238388683,,,,1
3,HistGradientBoosting,A: Traditional ML,42.34488315874295,0.2977418274882775,,,,1
3,Static MLP Only,B: Single-Branch Deep,41.61966156325544,0.2772646432778,,,,1
3,Standalone LSTM,B: Single-Branch Deep,44.3190975020145,0.2099738056212191,,,,1
3,Hybrid 1: MLP + CNN + LSTM,C: Hybrid Baseline,43.39242546333602,0.3001559959698942,,,,1
3,Hybrid 2: MLP + BiLSTM,C: Hybrid Baseline,44.19822723609992,0.31176399295044066,,,,1
3,Hybrid 3: MLP + GRU,C: Hybrid Baseline,43.83561643835616,0.3222316989755299,,,,1
3,Hybrid 4: MLP + Transformer,C: Hybrid Baseline,43.23126510878324,0.286251419817415,,,,1
3,Proposed: MLP + Causal TCN + LSTM,D: Proposed,43.593875906526996,0.2999282425666522,,,,1
4,Majority Class (reference),0: Reference,43.5535858178888,0.15169800729722144,,,,1
4,Logistic Regression,A: Traditional ML,45.80983078162772,0.31489518990457077,,,,1
4,Random Forest,A: Traditional ML,45.32634971796938,0.30603864478779064,,,,1
4,HistGradientBoosting,A: Traditional ML,42.98952457695407,0.31203099955465907,,,,1
4,Static MLP Only,B: Single-Branch Deep,42.82836422240129,0.30749160201806947,,,,1
4,Standalone LSTM,B: Single-Branch Deep,43.956486704270745,0.22650505873890306,,,,1
4,Hybrid 1: MLP + CNN + LSTM,C: Hybrid Baseline,44.480257856567285,0.3251345977281836,,,,1
4,Hybrid 2: MLP + BiLSTM,C: Hybrid Baseline,43.956486704270745,0.3154359052873943,,,,1
4,Hybrid 3: MLP + GRU,C: Hybrid Baseline,45.64867042707494,0.33764547504836956,,,,1
4,Hybrid 4: MLP + Transformer,C: Hybrid Baseline,44.15793714746172,0.32127357042001975,,,,1
4,Proposed: MLP + Causal TCN + LSTM,D: Proposed,44.11764705882353,0.3324615062727293,,,,1
5,Majority Class (reference),0: Reference,43.5535858178888,0.15169800729722144,,,,1
5,Logistic Regression,A: Traditional ML,45.85012087026591,0.31224301299625506,,,,1
5,Random Forest,A: Traditional ML,44.92344883158743,0.29727328385937096,,,,1
5,HistGradientBoosting,A: Traditional ML,44.76228847703465,0.3319313809787714,,,,1
5,Static MLP Only,B: Single-Branch Deep,41.136180499597096,0.2693530683934879,,,,1
5,Standalone LSTM,B: Single-Branch Deep,44.68170829975826,0.22928603565507133,,,,1
5,Hybrid 1: MLP + CNN + LSTM,C: Hybrid Baseline,43.83561643835616,0.3044556747421364,,,,1
5,Hybrid 2: MLP + BiLSTM,C: Hybrid Baseline,43.02981466559226,0.3025046008741661,,,,1
5,Hybrid 3: MLP + GRU,C: Hybrid Baseline,44.23851732473811,0.2862153495091942,,,,1
5,Hybrid 4: MLP + Transformer,C: Hybrid Baseline,43.35213537469782,0.2817053022609336,,,,1
5,Proposed: MLP + Causal TCN + LSTM,D: Proposed,44.03706688154714,0.2989151769218954,,,,1
1,Majority Class (reference),0: Reference,43.57631896898913,0.1517531556802244,,,,2
1,Logistic Regression,A: Traditional ML,45.99275070479259,0.31542168534271114,,,,2
1,Random Forest,A: Traditional ML,45.46919049536851,0.29827853135851096,,,,2
1,HistGradientBoosting,A: Traditional ML,44.22070076520338,0.31670527691402817,,,,2
1,Static MLP Only,B: Single-Branch Deep,43.33467579540878,0.2863431164935692,,,,2
1,Standalone LSTM,B: Single-Branch Deep,44.1401530406766,0.22434532526366735,,,,2
1,Hybrid 1: MLP + CNN + LSTM,C: Hybrid Baseline,46.03302456705598,0.3019314133503713,,,,2
1,Hybrid 2: MLP + BiLSTM,C: Hybrid Baseline,44.90535642368103,0.31014557987966285,,,,2
1,Hybrid 3: MLP + GRU,C: Hybrid Baseline,45.22754732178816,0.3117064260365517,,,,2
1,Hybrid 4: MLP + Transformer,C: Hybrid Baseline,44.09987917841321,0.29553488915002224,,,,2
1,Proposed: MLP + Causal TCN + LSTM,D: Proposed,45.18727345952477,0.3103922166099561,,,,2
2,Majority Class (reference),0: Reference,43.593875906526996,0.15179573512906847,,,,2
2,Logistic Regression,A: Traditional ML,45.688960515713134,0.31234397759959026,,,,2
2,Random Forest,A: Traditional ML,43.996776792908946,0.28539399051055936,,,,2
2,HistGradientBoosting,A: Traditional ML,43.31184528605963,0.3073810995583218,,,,2
2,Static MLP Only,B: Single-Branch Deep,41.49879129734085,0.26999423274094325,,,,2
2,Standalone LSTM,B: Single-Branch Deep,44.60112812248187,0.2229063847552898,,,,2
2,Hybrid 1: MLP + CNN + LSTM,C: Hybrid Baseline,43.71474617244158,0.29882358008649545,,,,2
2,Hybrid 2: MLP + BiLSTM,C: Hybrid Baseline,44.3593875906527,0.3056789340988725,,,,2
2,Hybrid 3: MLP + GRU,C: Hybrid Baseline,44.3593875906527,0.31189072760578906,,,,2
2,Hybrid 4: MLP + Transformer,C: Hybrid Baseline,43.996776792908946,0.2924781354756557,,,,2
2,Proposed: MLP + Causal TCN + LSTM,D: Proposed,43.15068493150685,0.2985658262131176,,,,2
3,Majority Class (reference),0: Reference,43.5535858178888,0.15169800729722144,,,,2
3,Logistic Regression,A: Traditional ML,45.56809024979855,0.3077376116691481,,,,2
3,Random Forest,A: Traditional ML,44.68170829975826,0.2893358218935654,,,,2
3,HistGradientBoosting,A: Traditional ML,42.7880741337631,0.3003158192555959,,,,2
3,Static MLP Only,B: Single-Branch Deep,42.18372280419017,0.28649480407305683,,,,2
3,Standalone LSTM,B: Single-Branch Deep,44.03706688154714,0.2252851913006714,,,,2
3,Hybrid 1: MLP + CNN + LSTM,C: Hybrid Baseline,42.66720386784851,0.283859581389831,,,,2
3,Hybrid 2: MLP + BiLSTM,C: Hybrid Baseline,44.11764705882353,0.295489704294873,,,,2
3,Hybrid 3: MLP + GRU,C: Hybrid Baseline,42.98952457695407,0.28683973515771805,,,,2
3,Hybrid 4: MLP + Transformer,C: Hybrid Baseline,43.875906526994356,0.3091974072659758,,,,2
3,Proposed: MLP + Causal TCN + LSTM,D: Proposed,42.90894439967768,0.2868578047962674,,,,2
4,Majority Class (reference),0: Reference,43.5535858178888,0.15169800729722144,,,,2
4,Logistic Regression,A: Traditional ML,44.64141821112007,0.32068156532964365,,,,2
4,Random Forest,A: Traditional ML,43.5535858178888,0.28738390663740926,,,,2
4,HistGradientBoosting,A: Traditional ML,42.949234488315874,0.30982556830610664,,,,2
4,Static MLP Only,B: Single-Branch Deep,42.264302981466564,0.2688283638439129,,,,2
4,Standalone LSTM,B: Single-Branch Deep,44.077356970185335,0.21641052193091107,,,,2
4,Hybrid 1: MLP + CNN + LSTM,C: Hybrid Baseline,43.47300564061241,0.30302190995699413,,,,2
4,Hybrid 2: MLP + BiLSTM,C: Hybrid Baseline,44.11764705882353,0.3201925827213522,,,,2
4,Hybrid 3: MLP + GRU,C: Hybrid Baseline,43.35213537469782,0.31406495151581443,,,,2
4,Hybrid 4: MLP + Transformer,C: Hybrid Baseline,42.062852538275585,0.2852079562337614,,,,2
4,Proposed: MLP + Causal TCN + LSTM,D: Proposed,43.31184528605963,0.2998288768282597,,,,2
5,Majority Class (reference),0: Reference,43.5535858178888,0.15169800729722144,,,,2
5,Logistic Regression,A: Traditional ML,45.20547945205479,0.3066613686547448,,,,2
5,Random Forest,A: Traditional ML,44.52054794520548,0.29286867181661974,,,,2
5,HistGradientBoosting,A: Traditional ML,43.47300564061241,0.3059443557518579,,,,2
5,Static MLP Only,B: Single-Branch Deep,41.57937147461725,0.2857601408929681,,,,2
5,Standalone LSTM,B: Single-Branch Deep,44.278807413376306,0.21386801656798504,,,,2
5,Hybrid 1: MLP + CNN + LSTM,C: Hybrid Baseline,44.43996776792909,0.3052806944353256,,,,2
5,Hybrid 2: MLP + BiLSTM,C: Hybrid Baseline,45.20547945205479,0.31643803918215047,,,,2
5,Hybrid 3: MLP + GRU,C: Hybrid Baseline,44.84286865431104,0.3059135251124433,,,,2
5,Hybrid 4: MLP + Transformer,C: Hybrid Baseline,44.76228847703465,0.30213089146789773,,,,2
5,Proposed: MLP + Causal TCN + LSTM,D: Proposed,43.75503626107977,0.3039753458234251,,,,2
1,Majority Class (reference),0: Reference,43.57631896898913,0.1517531556802244,,,,3
1,Logistic Regression,A: Traditional ML,45.46919049536851,0.3072531245868036,,,,3
1,Random Forest,A: Traditional ML,43.61659283125252,0.28057383655809764,,,,3
1,HistGradientBoosting,A: Traditional ML,43.173580346355216,0.29446321773034445,,,,3
1,Static MLP Only,B: Single-Branch Deep,39.06564639548933,0.2885189501488757,,,,3
1,Standalone LSTM,B: Single-Branch Deep,43.81796214256947,0.23182746276837984,,,,3
1,Hybrid 1: MLP + CNN + LSTM,C: Hybrid Baseline,40.71687474828836,0.3060527552500491,,,,3
1,Hybrid 2: MLP + BiLSTM,C: Hybrid Baseline,42.04591220298027,0.32111483884907444,,,,3
1,Hybrid 3: MLP + GRU,C: Hybrid Baseline,41.72372130487314,0.3026504521522311,,,,3
1,Hybrid 4: MLP + Transformer,C: Hybrid Baseline,41.562625855819576,0.31701870393198334,,,,3
1,Proposed: MLP + Causal TCN + LSTM,D: Proposed,41.15988723318566,0.31816913052876516,,,,3
2,Majority Class (reference),0: Reference,43.593875906526996,0.15179573512906847,,,,3
2,Logistic Regression,A: Traditional ML,45.76954069298952,0.31813400233474354,,,,3
2,Random Forest,A: Traditional ML,45.24576954069299,0.3014883176711989,,,,3
2,HistGradientBoosting,A: Traditional ML,43.593875906526996,0.3081598913150504,,,,3
2,Static MLP Only,B: Single-Branch Deep,43.31184528605963,0.3012177685183136,,,,3
2,Standalone LSTM,B: Single-Branch Deep,42.949234488315874,0.22430071914352034,,,,3
2,Hybrid 1: MLP + CNN + LSTM,C: Hybrid Baseline,44.76228847703465,0.31109220743600835,,,,3
2,Hybrid 2: MLP + BiLSTM,C: Hybrid Baseline,44.76228847703465,0.314501016716195,,,,3
2,Hybrid 3: MLP + GRU,C: Hybrid Baseline,44.03706688154714,0.30778158388616905,,,,3
2,Hybrid 4: MLP + Transformer,C: Hybrid Baseline,44.480257856567285,0.3145296141867701,,,,3
2,Proposed: MLP + Causal TCN + LSTM,D: Proposed,44.84286865431104,0.32802802319078,,,,3
3,Majority Class (reference),0: Reference,43.5535858178888,0.15169800729722144,,,,3
3,Logistic Regression,A: Traditional ML,45.20547945205479,0.3120123964578903,,,,3
3,Random Forest,A: Traditional ML,44.76228847703465,0.2904350266233974,,,,3
3,HistGradientBoosting,A: Traditional ML,44.19822723609992,0.31941938965137107,,,,3
3,Static MLP Only,B: Single-Branch Deep,41.49879129734085,0.2778789072248103,,,,3
3,Standalone LSTM,B: Single-Branch Deep,45.08460918614021,0.21164959177023823,,,,3
3,Hybrid 1: MLP + CNN + LSTM,C: Hybrid Baseline,45.608380338436746,0.3126245616531702,,,,3
3,Hybrid 2: MLP + BiLSTM,C: Hybrid Baseline,45.52780016116035,0.3127391333204669,,,,3
3,Hybrid 3: MLP + GRU,C: Hybrid Baseline,44.52054794520548,0.3108275794772979,,,,3
3,Hybrid 4: MLP + Transformer,C: Hybrid Baseline,44.3593875906527,0.30456890601271114,,,,3
3,Proposed: MLP + Causal TCN + LSTM,D: Proposed,44.72199838839646,0.3117282656584909,,,,3
4,Majority Class (reference),0: Reference,43.5535858178888,0.15169800729722144,,,,3
4,Logistic Regression,A: Traditional ML,45.487510072522156,0.3133159623177953,,,,3
4,Random Forest,A: Traditional ML,43.02981466559226,0.2837610386622843,,,,3
4,HistGradientBoosting,A: Traditional ML,43.593875906526996,0.31324092064728765,,,,3
4,Static MLP Only,B: Single-Branch Deep,39.96776792908944,0.28893696346863595,,,,3
4,Standalone LSTM,B: Single-Branch Deep,43.91619661563255,0.229280306078547,,,,3
4,Hybrid 1: MLP + CNN + LSTM,C: Hybrid Baseline,42.62691377921031,0.31359402703357886,,,,3
4,Hybrid 2: MLP + BiLSTM,C: Hybrid Baseline,43.35213537469782,0.3196561539670492,,,,3
4,Hybrid 3: MLP + GRU,C: Hybrid Baseline,42.38517324738114,0.3244684860968134,,,,3
4,Hybrid 4: MLP + Transformer,C: Hybrid Baseline,42.7074939564867,0.3221302398861582,,,,3
4,Proposed: MLP + Causal TCN + LSTM,D: Proposed,41.659951651893635,0.30354763075290325,,,,3
5,Majority Class (reference),0: Reference,43.5535858178888,0.15169800729722144,,,,3
5,Logistic Regression,A: Traditional ML,45.85012087026591,0.32217877286888463,,,,3
5,Random Forest,A: Traditional ML,44.72199838839646,0.2913286589507509,,,,3
5,HistGradientBoosting,A: Traditional ML,43.674456083803385,0.3167773960702576,,,,3
5,Static MLP Only,B: Single-Branch Deep,43.271555197421435,0.2778796849662899,,,,3
5,Standalone LSTM,B: Single-Branch Deep,43.593875906526996,0.2126806176055544,,,,3
5,Hybrid 1: MLP + CNN + LSTM,C: Hybrid Baseline,44.43996776792909,0.3010325843010824,,,,3
5,Hybrid 2: MLP + BiLSTM,C: Hybrid Baseline,44.03706688154714,0.29106185865375034,,,,3
5,Hybrid 3: MLP + GRU,C: Hybrid Baseline,45.165189363416594,0.29972292730940775,,,,3
5,Hybrid 4: MLP + Transformer,C: Hybrid Baseline,45.24576954069299,0.30805283078184825,,,,3
5,Proposed: MLP + Causal TCN + LSTM,D: Proposed,45.40692989524577,0.30459391687537,,,,3
1,Majority Class (reference),0: Reference,43.57631896898913,0.1517531556802244,,,,4
1,Logistic Regression,A: Traditional ML,46.87877567458719,0.33156683686013444,,,,4
1,Random Forest,A: Traditional ML,45.10672573499799,0.29803280948652006,,,,4
1,HistGradientBoosting,A: Traditional ML,44.54289166331051,0.31630480251917864,,,,4
1,Static MLP Only,B: Single-Branch Deep,40.71687474828836,0.2910460694441499,,,,4
1,Standalone LSTM,B: Single-Branch Deep,44.865082561417644,0.21139978664344222,,,,4
1,Hybrid 1: MLP + CNN + LSTM,C: Hybrid Baseline,43.29440193314539,0.3103394659661609,,,,4
1,Hybrid 2: MLP + BiLSTM,C: Hybrid Baseline,44.1401530406766,0.3263984649714621,,,,4
1,Hybrid 3: MLP + GRU,C: Hybrid Baseline,43.133306484091825,0.31290285869361006,,,,4
1,Hybrid 4: MLP + Transformer,C: Hybrid Baseline,43.05275875956504,0.310535820446927,,,,4
1,Proposed: MLP + Causal TCN + LSTM,D: Proposed,42.811115585984695,0.29983053425712647,,,,4
2,Majority Class (reference),0: Reference,43.593875906526996,0.15179573512906847,,,,4
2,Logistic Regression,A: Traditional ML,44.480257856567285,0.30901215604217547,,,,4
2,Random Forest,A: Traditional ML,44.84286865431104,0.2917187081260161,,,,4
2,HistGradientBoosting,A: Traditional ML,43.11039484286866,0.29966369749888866,,,,4
2,Static MLP Only,B: Single-Branch Deep,40.77356970185335,0.2920021003387613,,,,4
2,Standalone LSTM,B: Single-Branch Deep,44.19822723609992,0.21307817570344262,,,,4
2,Hybrid 1: MLP + CNN + LSTM,C: Hybrid Baseline,41.659951651893635,0.3198960027588396,,,,4
2,Hybrid 2: MLP + BiLSTM,C: Hybrid Baseline,42.7074939564867,0.32165877413794636,,,,4
2,Hybrid 3: MLP + GRU,C: Hybrid Baseline,41.37792103142627,0.31631903616933293,,,,4
2,Hybrid 4: MLP + Transformer,C: Hybrid Baseline,43.11039484286866,0.3335748309885172,,,,4
2,Proposed: MLP + Causal TCN + LSTM,D: Proposed,42.34488315874295,0.31995863817275344,,,,4
3,Majority Class (reference),0: Reference,43.5535858178888,0.15169800729722144,,,,4
3,Logistic Regression,A: Traditional ML,45.12489927477841,0.2949872205681556,,,,4
3,Random Forest,A: Traditional ML,45.165189363416594,0.29619134025028543,,,,4
3,HistGradientBoosting,A: Traditional ML,43.875906526994356,0.31037829770597075,,,,4
3,Static MLP Only,B: Single-Branch Deep,42.34488315874295,0.2823648992229123,,,,4
3,Standalone LSTM,B: Single-Branch Deep,44.60112812248187,0.22548105402519242,,,,4
3,Hybrid 1: MLP + CNN + LSTM,C: Hybrid Baseline,44.3593875906527,0.3002460793413945,,,,4
3,Hybrid 2: MLP + BiLSTM,C: Hybrid Baseline,42.7074939564867,0.2787241515385459,,,,4
3,Hybrid 3: MLP + GRU,C: Hybrid Baseline,43.271555197421435,0.2950733954202303,,,,4
3,Hybrid 4: MLP + Transformer,C: Hybrid Baseline,43.35213537469782,0.2935737327526698,,,,4
3,Proposed: MLP + Causal TCN + LSTM,D: Proposed,44.03706688154714,0.2895172745123451,,,,4
4,Majority Class (reference),0: Reference,43.5535858178888,0.15169800729722144,,,,4
4,Logistic Regression,A: Traditional ML,44.68170829975826,0.30353983688010094,,,,4
4,Random Forest,A: Traditional ML,44.3593875906527,0.2825671393646012,,,,4
4,HistGradientBoosting,A: Traditional ML,43.83561643835616,0.3024891078254253,,,,4
4,Static MLP Only,B: Single-Branch Deep,41.57937147461725,0.28821727327139246,,,,4
4,Standalone LSTM,B: Single-Branch Deep,44.077356970185335,0.207832644577156,,,,4
4,Hybrid 1: MLP + CNN + LSTM,C: Hybrid Baseline,41.740531829170024,0.2876908590320404,,,,4
4,Hybrid 2: MLP + BiLSTM,C: Hybrid Baseline,42.58662369057212,0.27815827569392976,,,,4
4,Hybrid 3: MLP + GRU,C: Hybrid Baseline,42.22401289282837,0.27822814292726955,,,,4
4,Hybrid 4: MLP + Transformer,C: Hybrid Baseline,42.34488315874295,0.2863052972638699,,,,4
4,Proposed: MLP + Causal TCN + LSTM,D: Proposed,42.82836422240129,0.2933488170342025,,,,4
5,Majority Class (reference),0: Reference,43.5535858178888,0.15169800729722144,,,,4
5,Logistic Regression,A: Traditional ML,45.36663980660757,0.32391420305329244,,,,4
5,Random Forest,A: Traditional ML,43.996776792908946,0.2856809362760665,,,,4
5,HistGradientBoosting,A: Traditional ML,44.56083803384367,0.3124221699505,,,,4
5,Static MLP Only,B: Single-Branch Deep,42.90894439967768,0.29135029290121395,,,,4
5,Standalone LSTM,B: Single-Branch Deep,43.51329572925061,0.20107162465004927,,,,4
5,Hybrid 1: MLP + CNN + LSTM,C: Hybrid Baseline,44.64141821112007,0.3347999127092963,,,,4
5,Hybrid 2: MLP + BiLSTM,C: Hybrid Baseline,44.3593875906527,0.3190617208092834,,,,4
5,Hybrid 3: MLP + GRU,C: Hybrid Baseline,43.5535858178888,0.31735107947925595,,,,4
5,Hybrid 4: MLP + Transformer,C: Hybrid Baseline,44.077356970185335,0.31727160428967033,,,,4
5,Proposed: MLP + Causal TCN + LSTM,D: Proposed,43.02981466559226,0.3084752386348556,,,,4
1,Majority Class (reference),0: Reference,43.57631896898913,0.1517531556802244,,,,5
1,Logistic Regression,A: Traditional ML,45.63028594442207,0.32483791506668774,,,,5
1,Random Forest,A: Traditional ML,44.341522351993554,0.300744766286741,,,,5
1,HistGradientBoosting,A: Traditional ML,43.77768828030608,0.3200087144050433,,,,5
1,Static MLP Only,B: Single-Branch Deep,41.602899718082966,0.2534605140269817,,,,5
1,Standalone LSTM,B: Single-Branch Deep,44.341522351993554,0.19587228384908228,,,,5
1,Hybrid 1: MLP + CNN + LSTM,C: Hybrid Baseline,44.05960531614982,0.2852049632648203,,,,5
1,Hybrid 2: MLP + BiLSTM,C: Hybrid Baseline,44.26097462746677,0.2839107006196299,,,,5
1,Hybrid 3: MLP + GRU,C: Hybrid Baseline,43.6971405557793,0.28265840979854445,,,,5
1,Hybrid 4: MLP + Transformer,C: Hybrid Baseline,44.50261780104712,0.2884831610026974,,,,5
1,Proposed: MLP + Causal TCN + LSTM,D: Proposed,44.22070076520338,0.28438619647263647,,,,5
2,Majority Class (reference),0: Reference,43.593875906526996,0.15179573512906847,,,,5
2,Logistic Regression,A: Traditional ML,45.64867042707494,0.31117367591916395,,,,5
2,Random Forest,A: Traditional ML,45.20547945205479,0.30051132849766143,,,,5
2,HistGradientBoosting,A: Traditional ML,43.674456083803385,0.3191509702000967,,,,5
2,Static MLP Only,B: Single-Branch Deep,42.062852538275585,0.2865324578768586,,,,5
2,Standalone LSTM,B: Single-Branch Deep,44.84286865431104,0.21152950963353775,,,,5
2,Hybrid 1: MLP + CNN + LSTM,C: Hybrid Baseline,43.31184528605963,0.29393092535250237,,,,5
2,Hybrid 2: MLP + BiLSTM,C: Hybrid Baseline,43.63416599516519,0.2959789256809196,,,,5
2,Hybrid 3: MLP + GRU,C: Hybrid Baseline,43.79532634971797,0.30117647838000766,,,,5
2,Hybrid 4: MLP + Transformer,C: Hybrid Baseline,43.43271555197422,0.3037583278718599,,,,5
2,Proposed: MLP + Causal TCN + LSTM,D: Proposed,43.63416599516519,0.3020366973946029,,,,5
3,Majority Class (reference),0: Reference,43.5535858178888,0.15169800729722144,,,,5
3,Logistic Regression,A: Traditional ML,43.956486704270745,0.3060451982296124,,,,5
3,Random Forest,A: Traditional ML,45.165189363416594,0.308019815947706,,,,5
3,HistGradientBoosting,A: Traditional ML,42.82836422240129,0.30673095823414015,,,,5
3,Static MLP Only,B: Single-Branch Deep,42.949234488315874,0.28589637954665276,,,,5
3,Standalone LSTM,B: Single-Branch Deep,43.271555197421435,0.22060882230545154,,,,5
3,Hybrid 1: MLP + CNN + LSTM,C: Hybrid Baseline,44.60112812248187,0.3185848881836591,,,,5
3,Hybrid 2: MLP + BiLSTM,C: Hybrid Baseline,44.3593875906527,0.31568723569825374,,,,5
3,Hybrid 3: MLP + GRU,C: Hybrid Baseline,44.19822723609992,0.31517240062971486,,,,5
3,Hybrid 4: MLP + Transformer,C: Hybrid Baseline,43.51329572925061,0.30209341469055884,,,,5
3,Proposed: MLP + Causal TCN + LSTM,D: Proposed,43.5535858178888,0.3120213905357443,,,,5
4,Majority Class (reference),0: Reference,43.5535858178888,0.15169800729722144,,,,5
4,Logistic Regression,A: Traditional ML,45.12489927477841,0.3008403970427922,,,,5
4,Random Forest,A: Traditional ML,44.96373892022562,0.29094161922953266,,,,5
4,HistGradientBoosting,A: Traditional ML,45.44721998388396,0.3218177931342125,,,,5
4,Static MLP Only,B: Single-Branch Deep,42.747784045124895,0.26552815212328135,,,,5
4,Standalone LSTM,B: Single-Branch Deep,44.11764705882353,0.20211465362536857,,,,5
4,Hybrid 1: MLP + CNN + LSTM,C: Hybrid Baseline,44.76228847703465,0.28158645753611805,,,,5
4,Hybrid 2: MLP + BiLSTM,C: Hybrid Baseline,43.91619661563255,0.28091738653448933,,,,5
4,Hybrid 3: MLP + GRU,C: Hybrid Baseline,44.3593875906527,0.2832564586205232,,,,5
4,Hybrid 4: MLP + Transformer,C: Hybrid Baseline,43.5535858178888,0.2777242694219128,,,,5
4,Proposed: MLP + Causal TCN + LSTM,D: Proposed,44.11764705882353,0.28884259767534115,,,,5
5,Majority Class (reference),0: Reference,43.5535858178888,0.15169800729722144,,,,5
5,Logistic Regression,A: Traditional ML,44.883158742949234,0.30909238282801066,,,,5
5,Random Forest,A: Traditional ML,44.3593875906527,0.2894488839894465,,,,5
5,HistGradientBoosting,A: Traditional ML,44.72199838839646,0.32149617425307087,,,,5
5,Static MLP Only,B: Single-Branch Deep,42.62691377921031,0.26753299840023914,,,,5
5,Standalone LSTM,B: Single-Branch Deep,44.278807413376306,0.21522472081464672,,,,5
5,Hybrid 1: MLP + CNN + LSTM,C: Hybrid Baseline,43.5535858178888,0.26159282983810866,,,,5
5,Hybrid 2: MLP + BiLSTM,C: Hybrid Baseline,44.11764705882353,0.2652011693059612,,,,5
5,Hybrid 3: MLP + GRU,C: Hybrid Baseline,43.23126510878324,0.2776035731597067,,,,5
5,Hybrid 4: MLP + Transformer,C: Hybrid Baseline,43.39242546333602,0.2763161060137942,,,,5
5,Proposed: MLP + Causal TCN + LSTM,D: Proposed,43.39242546333602,0.27535971142796356,,,,5
